-- Seed data for Business Sales Reporting and Analytics Platform
-- Run AFTER schema.sql, in Supabase SQL Editor.

insert into categories (id, name) values
  ('1a6e8e11-20ec-4dcf-8ae6-cd85bc2a576f', 'Electronics'),
  ('ddcdc70d-655a-49c1-a8e5-c0ad80395f19', 'Office Supplies'),
  ('9d1240ef-afb7-484d-bbe7-75c580af7723', 'Furniture'),
  ('6502f8da-f03c-4683-b40e-1491e404f042', 'Software Licenses'),
  ('9176be1b-43e6-4a73-a15a-3910627314d9', 'Networking'),
  ('929eb2d6-5197-4dad-893a-ec2fc43b9171', 'Accessories');

insert into products (id, name, category_id, price, cost, stock_quantity, reorder_level, supplier) values
  ('c80f2764-5ba1-4c8f-91c0-f20b6643a31e', 'Aether PowerEdge R750 Rack Server', '1a6e8e11-20ec-4dcf-8ae6-cd85bc2a576f', 4999.0, 3200.0, 14, 5, 'Aether Systems'),
  ('126b9047-04df-434c-9ddd-f4876acab6e5', 'Apex Core 48-Port PoE+ Switch', '9176be1b-43e6-4a73-a15a-3910627314d9', 1250.0, 750.0, 4, 6, 'Apex Networks'),
  ('583d5d84-aa1e-41a3-b36e-e7a021065362', 'Novus ThinkPad P16 Gen 2 Rig', '1a6e8e11-20ec-4dcf-8ae6-cd85bc2a576f', 2899.0, 1950.0, 8, 4, 'Novus Distribution'),
  ('00650df2-7c49-4f4b-90a1-aa132f0a92f1', 'Zenith Mac Studio M2 Ultra', '1a6e8e11-20ec-4dcf-8ae6-cd85bc2a576f', 3499.0, 2400.0, 2, 5, 'Zenith Imports'),
  ('f4dd0db5-ad60-4a5a-ad53-b0d592d75697', 'Aether Cloud Security Suite Enterprise', '6502f8da-f03c-4683-b40e-1491e404f042', 899.0, 300.0, 50, 10, 'Aether Systems'),
  ('f2dc1854-9657-4043-bb26-d99a204bc39b', 'Apex Ergonomic Executive Mesh Chair', '9d1240ef-afb7-484d-bbe7-75c580af7723', 349.0, 190.0, 0, 5, 'Apex Furnishings'),
  ('9d483008-be58-4011-8f15-647780f16942', 'Vantage Standing Desk 1600mm', '9d1240ef-afb7-484d-bbe7-75c580af7723', 499.0, 260.0, 12, 4, 'Vantage Interiors'),
  ('aa51c4ec-78b0-4c7f-8246-da01b7f0443c', 'Orbit 27in 4K Monitor', '1a6e8e11-20ec-4dcf-8ae6-cd85bc2a576f', 429.0, 260.0, 18, 6, 'Orbit Displays'),
  ('c2e4a20b-7ef1-458c-81e5-6e91b36757dd', 'Helix Wireless Mechanical Keyboard', '929eb2d6-5197-4dad-893a-ec2fc43b9171', 89.0, 42.0, 40, 10, 'Helix Peripherals'),
  ('959750de-6b39-4006-9411-b458eaf6f66d', 'Helix Precision Wireless Mouse', '929eb2d6-5197-4dad-893a-ec2fc43b9171', 39.0, 18.0, 55, 10, 'Helix Peripherals'),
  ('f28b2846-a424-41b7-b331-6653b740900a', 'Cirrus 1TB NVMe SSD', '1a6e8e11-20ec-4dcf-8ae6-cd85bc2a576f', 89.0, 55.0, 60, 15, 'Cirrus Storage'),
  ('35026cca-33eb-4599-84bf-dc886a345497', 'Cirrus 2TB External HDD', '1a6e8e11-20ec-4dcf-8ae6-cd85bc2a576f', 79.0, 48.0, 34, 10, 'Cirrus Storage'),
  ('31db4f21-41de-489c-9307-2f96e4e03139', 'Meridian A4 Copier Paper (5 Ream Box)', 'ddcdc70d-655a-49c1-a8e5-c0ad80395f19', 29.0, 15.0, 120, 25, 'Meridian Paper Co'),
  ('dc083719-9699-45a8-8f79-361a63805145', 'Meridian Premium Ink Cartridge Set', 'ddcdc70d-655a-49c1-a8e5-c0ad80395f19', 54.0, 28.0, 45, 12, 'Meridian Paper Co'),
  ('d8b9de9a-7f19-454d-b8b4-db3565fa82fd', 'Vantage Filing Cabinet 4-Drawer', '9d1240ef-afb7-484d-bbe7-75c580af7723', 219.0, 120.0, 9, 4, 'Vantage Interiors'),
  ('b81b6024-a971-4520-957f-5b04f537bd76', 'Apex Core 24-Port Gigabit Switch', '9176be1b-43e6-4a73-a15a-3910627314d9', 349.0, 190.0, 16, 5, 'Apex Networks'),
  ('565b0007-25e7-4387-a2da-9ab123b297d4', 'Apex WiFi 6 Access Point', '9176be1b-43e6-4a73-a15a-3910627314d9', 199.0, 110.0, 22, 6, 'Apex Networks'),
  ('f9235b2e-1f0c-413e-bc9e-aea32fff6762', 'Aether DevOps Pipeline License (Annual)', '6502f8da-f03c-4683-b40e-1491e404f042', 1499.0, 500.0, 30, 8, 'Aether Systems'),
  ('85204e31-5a68-4d0d-8861-73dd325e0186', 'Aether Analytics BI Suite License', '6502f8da-f03c-4683-b40e-1491e404f042', 1899.0, 650.0, 25, 8, 'Aether Systems'),
  ('2676debc-5cb9-420b-a546-ce18d9511337', 'Novus Business Laptop 14in', '1a6e8e11-20ec-4dcf-8ae6-cd85bc2a576f', 1099.0, 720.0, 20, 6, 'Novus Distribution'),
  ('74417605-f630-4d0c-b000-16684f575eb5', 'Orbit UltraWide 34in Monitor', '1a6e8e11-20ec-4dcf-8ae6-cd85bc2a576f', 649.0, 420.0, 7, 4, 'Orbit Displays'),
  ('90eb2ddc-5d23-4e66-921f-f082675daff0', 'Helix USB-C Docking Station', '929eb2d6-5197-4dad-893a-ec2fc43b9171', 149.0, 85.0, 28, 8, 'Helix Peripherals'),
  ('89fd7868-9c42-4d01-acec-5076c9906529', 'Helix Noise-Cancelling Headset', '929eb2d6-5197-4dad-893a-ec2fc43b9171', 129.0, 70.0, 33, 8, 'Helix Peripherals'),
  ('f3160e6a-6f8a-4682-a667-780c6b81b1be', 'Vantage Conference Table 3m', '9d1240ef-afb7-484d-bbe7-75c580af7723', 899.0, 520.0, 3, 2, 'Vantage Interiors'),
  ('c01450fd-f183-4971-8bdc-070141711edf', 'Meridian Sticky Notes Bulk Pack', 'ddcdc70d-655a-49c1-a8e5-c0ad80395f19', 12.0, 5.0, 200, 40, 'Meridian Paper Co'),
  ('268757f1-3097-4a7e-b831-69ee684b3142', 'Meridian Whiteboard Marker Set', 'ddcdc70d-655a-49c1-a8e5-c0ad80395f19', 18.0, 8.0, 90, 20, 'Meridian Paper Co'),
  ('9b6744b7-8a91-42e4-862d-309149e20430', 'Cirrus NAS 4-Bay Enclosure', '1a6e8e11-20ec-4dcf-8ae6-cd85bc2a576f', 549.0, 340.0, 6, 4, 'Cirrus Storage'),
  ('4a127c12-fa3a-4543-9b57-865c40b4354a', 'Apex Managed Firewall Appliance', '9176be1b-43e6-4a73-a15a-3910627314d9', 899.0, 560.0, 5, 3, 'Apex Networks'),
  ('ba943a01-def2-4ab3-857d-8aa0a0f6c863', 'Aether Endpoint Protection License', '6502f8da-f03c-4683-b40e-1491e404f042', 649.0, 220.0, 40, 10, 'Aether Systems'),
  ('43e09351-99c5-4d3b-b5da-85ba35b9b92c', 'Vantage Task Chair Standard', '9d1240ef-afb7-484d-bbe7-75c580af7723', 159.0, 85.0, 25, 8, 'Vantage Interiors');

insert into employees (id, full_name, role, email, phone, hire_date, sales_target) values
  ('4982ed6c-3ca7-4456-b7b6-943099fc344f', 'Abinaya R', 'Sales Team Lead', 'abinaya.r@litztech.in', '9042090701', '2023-02-14', 45000),
  ('7e93b14b-9205-4ca0-b017-2d7349215614', 'Vignesh M', 'Regional Sales Manager', 'vignesh.m@litztech.in', '9042090708', '2022-06-01', 60000),
  ('fc8db393-ee14-45e2-95bf-7a4dddf7b24d', 'Kangesh Balakrishnan', 'Sales Executive', 'kangesh.b@litztech.in', '9042090711', '2026-06-19', 25000),
  ('99604f39-d16d-4ee5-b18b-96a589ce40a0', 'Priya Dharshini', 'Sales Executive', 'priya.d@litztech.in', '9042090712', '2024-01-10', 25000),
  ('a05ba0ff-1b5d-4416-849b-280057cff94b', 'Rahul Sundaram', 'Sales Executive', 'rahul.s@litztech.in', '9042090713', '2023-09-05', 25000),
  ('6d5eed64-a6f4-4c53-ac4f-d909be63886f', 'Divya Lakshmi', 'Inventory Coordinator', 'divya.l@litztech.in', '9042090714', '2023-11-20', 15000),
  ('c40e9972-19b5-427b-9d04-6e34a99f4f79', 'Karthik Iyer', 'Sales Executive', 'karthik.i@litztech.in', '9042090715', '2024-04-18', 25000),
  ('2b4af138-634b-4dcb-a48c-cb904e1d7129', 'Meena Sundari', 'Customer Success Associate', 'meena.s@litztech.in', '9042090716', '2024-07-02', 18000);

insert into customers (id, name, email, phone, billing_address) values
  ('6cabd84b-ce9d-4f62-9e93-13db570f7d00', 'Lumen Solutions', 'accounts@lumensolutions.com', '9813356886', '760, Trichy Road, Bengaluru, Tamil Nadu, India'),
  ('fccf94c3-c4f2-4d8f-bbc7-df71d3081ec2', 'Northgate Traders', 'accounts@northgatetraders.com', '9823756669', '693, Peelamedu Main Rd, Pune, Tamil Nadu, India'),
  ('1ad51eeb-9a25-49fe-bcef-d1e5859901bd', 'Solstice Consulting', 'accounts@solsticeconsulti.com', '9866629388', '33, MG Road, Chennai, Tamil Nadu, India'),
  ('85ed9647-982b-4f40-abbc-10287619d7d7', 'Brightpeak Technologies', 'accounts@brightpeaktechno.com', '9877827638', '617, MG Road, Pune, Tamil Nadu, India'),
  ('f086acbb-baa1-48b8-8054-201d96805b5b', 'Brightpeak Realty', 'accounts@brightpeakrealty.com', '9866306997', '226, Race Course Road, Mumbai, Tamil Nadu, India'),
  ('421728df-3d46-4137-954d-66773e82aa70', 'Silverline Global Corp', 'accounts@silverlineglobal.com', '9831429110', '715, Race Course Road, Madurai, Tamil Nadu, India'),
  ('bd81a36a-e02f-4eb7-b85e-0d1d159f4cb6', 'Silverline Traders', 'accounts@silverlinetrader.com', '9838898923', '981, Trichy Road, Chennai, Tamil Nadu, India'),
  ('59fa641a-e607-46bf-893c-5d10564c078a', 'Solstice Networks', 'accounts@solsticenetworks.com', '9822981052', '368, Trichy Road, Mumbai, Tamil Nadu, India'),
  ('a8828cf5-45fa-4c4d-a2cc-bba56b2f4c4f', 'Silverline Industries', 'accounts@silverlineindust.com', '9871662963', '550, MG Road, Salem, Tamil Nadu, India'),
  ('5301d2c8-28ff-42ac-a17d-c1e27c7479b3', 'Solstice Realty', 'accounts@solsticerealty.com', '9849349722', '850, Peelamedu Main Rd, Mumbai, Tamil Nadu, India'),
  ('c1bc5977-e77b-4ce6-ae8e-1228b9370cce', 'Beacon Systems', 'accounts@beaconsystems.com', '9887490893', '197, Peelamedu Main Rd, Chennai, Tamil Nadu, India'),
  ('2ee024c7-424f-4dbb-9af4-a6295f8e2c4f', 'Nimbus Technologies', 'accounts@nimbustechnologi.com', '9848840994', '82, Anna Salai, Chennai, Tamil Nadu, India'),
  ('94b8a14b-842c-423f-b556-682b2021efe0', 'Skyward Manufacturing', 'accounts@skywardmanufactu.com', '9870855700', '651, Trichy Road, Erode, Tamil Nadu, India'),
  ('ed65cc3f-a7c9-41df-9416-93ecf25d976e', 'Greenfield Systems', 'accounts@greenfieldsystem.com', '9838119557', '687, Trichy Road, Chennai, Tamil Nadu, India'),
  ('21b1475c-bc2b-4c22-b2b1-e6534a59cd86', 'Crownstone Logistics', 'accounts@crownstonelogist.com', '9881691040', '747, Anna Salai, Erode, Tamil Nadu, India'),
  ('756afd9d-b02b-4dde-a3ff-94f108c1e742', 'Palisade Networks', 'accounts@palisadenetworks.com', '9846231783', '948, Peelamedu Main Rd, Pune, Tamil Nadu, India'),
  ('b52a52db-7c59-430c-bbd3-16000f8070b6', 'Northgate Holdings', 'accounts@northgateholding.com', '9817507864', '235, MG Road, Madurai, Tamil Nadu, India'),
  ('fd037696-6eb2-40f4-b0cd-81282d5e53fc', 'Solstice Retail Group', 'accounts@solsticeretailgr.com', '9886125617', '898, Peelamedu Main Rd, Madurai, Tamil Nadu, India'),
  ('6cdc1ba9-baea-420d-b037-f945ff527396', 'Brightpeak Pharma', 'accounts@brightpeakpharma.com', '9863100814', '906, Peelamedu Main Rd, Tiruppur, Tamil Nadu, India'),
  ('d790b847-4e26-492e-8dee-c06fcb83d19a', 'Ironclad Manufacturing', 'accounts@ironcladmanufact.com', '9828740864', '253, Peelamedu Main Rd, Pune, Tamil Nadu, India'),
  ('91ee6aa8-496a-42c1-b5e8-c9e34c393e67', 'Frontier Manufacturing', 'accounts@frontiermanufact.com', '9888461803', '439, Avinashi Road, Salem, Tamil Nadu, India'),
  ('3c475f0b-3792-4f94-920c-9c31afadce82', 'Greenfield Technologies', 'accounts@greenfieldtechno.com', '9828566572', '522, Race Course Road, Chennai, Tamil Nadu, India'),
  ('43b43dad-0d91-4943-a662-c7cccbed43fb', 'Pinegate Industries', 'accounts@pinegateindustri.com', '9824716857', '157, Peelamedu Main Rd, Erode, Tamil Nadu, India'),
  ('d5e0c37a-5e00-4ff7-9095-3bc8d0c67261', 'Amberline Textiles', 'accounts@amberlinetextile.com', '9890048665', '66, Race Course Road, Salem, Tamil Nadu, India'),
  ('464a62e0-ccf2-432b-9806-e76bfdccf9b9', 'Crownstone Foods Pvt Ltd', 'accounts@crownstonefoodsp.com', '9881016525', '258, Avinashi Road, Coimbatore, Tamil Nadu, India'),
  ('31cff2a2-84b2-4e35-ab91-bc121aa4d68a', 'Cascade Solutions', 'accounts@cascadesolutions.com', '9882070937', '769, Trichy Road, Madurai, Tamil Nadu, India'),
  ('4bf95d57-a29d-4710-accc-bde0997a980b', 'Cobalt Ventures', 'accounts@cobaltventures.com', '9868353204', '162, Race Course Road, Coimbatore, Tamil Nadu, India'),
  ('2fb4defd-277d-4bae-a918-c1059aaccd4b', 'Vertex Manufacturing', 'accounts@vertexmanufactur.com', '9877187530', '781, Anna Salai, Pune, Tamil Nadu, India'),
  ('87b81cba-317e-43a8-bedf-914e8c90be27', 'Union Solutions', 'accounts@unionsolutions.com', '9893926371', '306, Peelamedu Main Rd, Pune, Tamil Nadu, India'),
  ('f46e1a84-42c5-4393-ad6c-f997fb99ce2a', 'Crownstone Retail Group', 'accounts@crownstoneretail.com', '9830513739', '383, Anna Salai, Pune, Tamil Nadu, India'),
  ('8ec156a7-a3ff-4990-b879-eec6a4ae68af', 'Pinegate Motors', 'accounts@pinegatemotors.com', '9810076758', '614, Trichy Road, Tiruppur, Tamil Nadu, India'),
  ('d20ec49d-495c-4bb3-b4ad-4b1ecec79e2c', 'Vanguard Solutions', 'accounts@vanguardsolution.com', '9858718453', '900, Trichy Road, Bengaluru, Tamil Nadu, India'),
  ('1ddccdbe-04f7-46ec-8112-2f7ea2820f20', 'Beacon Consulting', 'accounts@beaconconsulting.com', '9820570592', '88, Peelamedu Main Rd, Tiruppur, Tamil Nadu, India'),
  ('f8cd2121-7cc2-4fd0-8c2e-b5d9c45f6866', 'Coastal Enterprises', 'accounts@coastalenterpris.com', '9881498611', '785, Anna Salai, Erode, Tamil Nadu, India'),
  ('88db8079-ec0e-4750-a423-75b1a101ed0c', 'Cascade Pharma', 'accounts@cascadepharma.com', '9883793389', '170, Trichy Road, Pune, Tamil Nadu, India'),
  ('4098a988-3be0-49d4-b041-d1145d237d5c', 'Highland Exports', 'accounts@highlandexports.com', '9866792612', '988, Anna Salai, Pune, Tamil Nadu, India'),
  ('be381003-ff09-4714-8979-9ec1f27f792b', 'Pinegate Retail Group', 'accounts@pinegateretailgr.com', '9851837852', '409, Peelamedu Main Rd, Madurai, Tamil Nadu, India'),
  ('c0dfe5ba-bea1-461d-919b-9f7945b8a708', 'Palisade Motors', 'accounts@palisademotors.com', '9870597444', '124, Anna Salai, Bengaluru, Tamil Nadu, India'),
  ('7f0705ca-9b33-4962-bf01-a72b1993a470', 'Solstice Holdings', 'accounts@solsticeholdings.com', '9812823170', '603, Avinashi Road, Bengaluru, Tamil Nadu, India'),
  ('70df4490-bcda-47cf-b8d8-7af1e6cfa7ce', 'Harborview Technologies', 'accounts@harborviewtechno.com', '9810965138', '73, Peelamedu Main Rd, Coimbatore, Tamil Nadu, India');

insert into sales (id, invoice_no, customer_id, employee_id, sale_date, subtotal, discount, tax, total, payment_status) values
  ('6d590189-bc34-4bed-a4a5-87587eccac12', 'INV-2026-0016', '3c475f0b-3792-4f94-920c-9c31afadce82', 'fc8db393-ee14-45e2-95bf-7a4dddf7b24d', '2026-04-01', 6436.0, 0.0, 1158.48, 7594.48, 'paid'),
  ('ff849333-4769-4983-8f84-8123f0a9d5c6', 'INV-2026-0054', '88db8079-ec0e-4750-a423-75b1a101ed0c', 'fc8db393-ee14-45e2-95bf-7a4dddf7b24d', '2026-04-02', 8535.0, 0.0, 1536.3, 10071.3, 'overdue'),
  ('29b9decc-8f51-4c7f-bce9-baea356d9b3e', 'INV-2026-0041', '88db8079-ec0e-4750-a423-75b1a101ed0c', '4982ed6c-3ca7-4456-b7b6-943099fc344f', '2026-04-03', 6876.0, 0.0, 1237.68, 8113.68, 'paid'),
  ('e6747025-bce0-4967-a3e0-176f8d15fd3b', 'INV-2026-0060', '21b1475c-bc2b-4c22-b2b1-e6534a59cd86', 'a05ba0ff-1b5d-4416-849b-280057cff94b', '2026-04-05', 2584.0, 0.0, 465.12, 3049.12, 'paid'),
  ('fa986f04-e3f3-4436-85fa-6cff63bcf736', 'INV-2026-0093', 'd5e0c37a-5e00-4ff7-9095-3bc8d0c67261', '99604f39-d16d-4ee5-b18b-96a589ce40a0', '2026-04-05', 6238.0, 0.0, 1122.84, 7360.84, 'paid'),
  ('4524eb53-1779-4937-9f0b-5b7c1d949a66', 'INV-2026-0018', '43b43dad-0d91-4943-a662-c7cccbed43fb', '99604f39-d16d-4ee5-b18b-96a589ce40a0', '2026-04-06', 17942.0, 1794.2, 2906.6, 19054.4, 'overdue'),
  ('bbdb6665-c3e8-4a97-8f55-be985946a99d', 'INV-2026-0025', '2fb4defd-277d-4bae-a918-c1059aaccd4b', '4982ed6c-3ca7-4456-b7b6-943099fc344f', '2026-04-06', 241.0, 12.05, 41.21, 270.16, 'paid'),
  ('e4365414-cc25-40b3-9829-69b9dc5c7d57', 'INV-2026-0149', '94b8a14b-842c-423f-b556-682b2021efe0', '4982ed6c-3ca7-4456-b7b6-943099fc344f', '2026-04-06', 1627.0, 81.35, 278.22, 1823.87, 'paid'),
  ('eba89c4b-6c4b-4818-bb4c-988fdeede30c', 'INV-2026-0067', '94b8a14b-842c-423f-b556-682b2021efe0', '6d5eed64-a6f4-4c53-ac4f-d909be63886f', '2026-04-07', 4515.0, 225.75, 772.06, 5061.31, 'pending'),
  ('d884a9d9-1129-412d-bce7-5098e89176ee', 'INV-2026-0137', '8ec156a7-a3ff-4990-b879-eec6a4ae68af', '6d5eed64-a6f4-4c53-ac4f-d909be63886f', '2026-04-07', 645.0, 0.0, 116.1, 761.1, 'paid'),
  ('445aafe3-7ea0-48b6-aeec-d28ff1a53449', 'INV-2026-0101', '8ec156a7-a3ff-4990-b879-eec6a4ae68af', 'c40e9972-19b5-427b-9d04-6e34a99f4f79', '2026-04-08', 4831.0, 0.0, 869.58, 5700.58, 'paid'),
  ('877d7bc6-c2ff-4deb-a104-6e6e6d13abf8', 'INV-2026-0017', '5301d2c8-28ff-42ac-a17d-c1e27c7479b3', '4982ed6c-3ca7-4456-b7b6-943099fc344f', '2026-04-10', 11493.0, 574.65, 1965.3, 12883.65, 'paid'),
  ('5f349cad-3349-4431-9aa6-25e30f3185c4', 'INV-2026-0076', '8ec156a7-a3ff-4990-b879-eec6a4ae68af', 'a05ba0ff-1b5d-4416-849b-280057cff94b', '2026-04-10', 1631.0, 163.1, 264.22, 1732.12, 'paid'),
  ('0c263dff-9dfc-4719-9701-2e5a52f9b6be', 'INV-2026-0133', '6cdc1ba9-baea-420d-b037-f945ff527396', '7e93b14b-9205-4ca0-b017-2d7349215614', '2026-04-10', 447.0, 0.0, 80.46, 527.46, 'overdue'),
  ('aee12f31-9d07-4c38-b716-d11bb85a58be', 'INV-2026-0009', '2ee024c7-424f-4dbb-9af4-a6295f8e2c4f', '7e93b14b-9205-4ca0-b017-2d7349215614', '2026-04-11', 298.0, 29.8, 48.28, 316.48, 'paid'),
  ('5f675773-112f-4ac0-b18a-2fafff499511', 'INV-2026-0063', '7f0705ca-9b33-4962-bf01-a72b1993a470', '4982ed6c-3ca7-4456-b7b6-943099fc344f', '2026-04-11', 3631.0, 0.0, 653.58, 4284.58, 'paid'),
  ('a19a40d9-0981-42bc-8f1c-8680c4d0e6d4', 'INV-2026-0080', '70df4490-bcda-47cf-b8d8-7af1e6cfa7ce', 'c40e9972-19b5-427b-9d04-6e34a99f4f79', '2026-04-11', 2063.0, 0.0, 371.34, 2434.34, 'pending'),
  ('36ce9790-c336-48c8-bbc1-715665c8f120', 'INV-2026-0119', '31cff2a2-84b2-4e35-ab91-bc121aa4d68a', 'a05ba0ff-1b5d-4416-849b-280057cff94b', '2026-04-11', 1007.0, 0.0, 181.26, 1188.26, 'pending'),
  ('0bf517c4-99a7-4cbb-8e01-82e7ebb29ee9', 'INV-2026-0138', 'c1bc5977-e77b-4ce6-ae8e-1228b9370cce', 'a05ba0ff-1b5d-4416-849b-280057cff94b', '2026-04-11', 6789.0, 339.45, 1160.92, 7610.47, 'paid'),
  ('353a7a2a-3169-4d81-8512-0115f04eae5a', 'INV-2026-0105', '2fb4defd-277d-4bae-a918-c1059aaccd4b', '7e93b14b-9205-4ca0-b017-2d7349215614', '2026-04-12', 12008.0, 600.4, 2053.37, 13460.97, 'paid'),
  ('c1150c55-5446-48b0-bcc3-ea8d9e80123c', 'INV-2026-0107', 'be381003-ff09-4714-8979-9ec1f27f792b', '99604f39-d16d-4ee5-b18b-96a589ce40a0', '2026-04-14', 647.0, 32.35, 110.64, 725.29, 'pending'),
  ('437b2245-07c0-47e2-a99c-74643d1d71f7', 'INV-2026-0061', '88db8079-ec0e-4750-a423-75b1a101ed0c', '99604f39-d16d-4ee5-b18b-96a589ce40a0', '2026-04-15', 407.0, 0.0, 73.26, 480.26, 'paid'),
  ('013887cd-9825-4fb4-b839-430ce49290e4', 'INV-2026-0091', 'bd81a36a-e02f-4eb7-b85e-0d1d159f4cb6', '99604f39-d16d-4ee5-b18b-96a589ce40a0', '2026-04-15', 1182.0, 118.2, 191.48, 1255.28, 'overdue'),
  ('4588727e-3238-42ad-8d9e-dd3274d938d4', 'INV-2026-0143', '85ed9647-982b-4f40-abbc-10287619d7d7', '99604f39-d16d-4ee5-b18b-96a589ce40a0', '2026-04-16', 6158.0, 0.0, 1108.44, 7266.44, 'pending'),
  ('f3f6ddc3-5432-420f-8b40-4494be055db0', 'INV-2026-0097', '88db8079-ec0e-4750-a423-75b1a101ed0c', 'a05ba0ff-1b5d-4416-849b-280057cff94b', '2026-04-17', 3797.0, 0.0, 683.46, 4480.46, 'paid'),
  ('d27e3bb5-9ba4-4cf6-b1f1-4b856ff4b6e1', 'INV-2026-0102', 'fd037696-6eb2-40f4-b0cd-81282d5e53fc', '6d5eed64-a6f4-4c53-ac4f-d909be63886f', '2026-04-17', 6865.0, 0.0, 1235.7, 8100.7, 'pending'),
  ('f7fcb0b8-bcf2-4605-8996-e83a9513de76', 'INV-2026-0088', '21b1475c-bc2b-4c22-b2b1-e6534a59cd86', 'c40e9972-19b5-427b-9d04-6e34a99f4f79', '2026-04-19', 3098.0, 0.0, 557.64, 3655.64, 'pending'),
  ('3b5473f6-591c-468f-a7fe-a6a7a56ca0f4', 'INV-2026-0035', '21b1475c-bc2b-4c22-b2b1-e6534a59cd86', 'c40e9972-19b5-427b-9d04-6e34a99f4f79', '2026-04-20', 2125.0, 212.5, 344.25, 2256.75, 'paid'),
  ('bb67b1e9-4be4-41a8-b6a5-647e684eff42', 'INV-2026-0112', '70df4490-bcda-47cf-b8d8-7af1e6cfa7ce', '4982ed6c-3ca7-4456-b7b6-943099fc344f', '2026-04-21', 356.0, 35.6, 57.67, 378.07, 'pending'),
  ('91e449aa-d9d3-421a-8dbf-4b7d62ca554f', 'INV-2026-0118', '70df4490-bcda-47cf-b8d8-7af1e6cfa7ce', '2b4af138-634b-4dcb-a48c-cb904e1d7129', '2026-04-22', 6603.0, 660.3, 1069.69, 7012.39, 'pending'),
  ('d3f7ab66-5c8d-4b2f-8f4c-ba85dde17baa', 'INV-2026-0040', '85ed9647-982b-4f40-abbc-10287619d7d7', 'a05ba0ff-1b5d-4416-849b-280057cff94b', '2026-04-24', 2765.0, 0.0, 497.7, 3262.7, 'pending'),
  ('468f001e-c07c-4a22-b014-f81e276f5c59', 'INV-2026-0110', '5301d2c8-28ff-42ac-a17d-c1e27c7479b3', 'c40e9972-19b5-427b-9d04-6e34a99f4f79', '2026-04-24', 899.0, 0.0, 161.82, 1060.82, 'pending'),
  ('130c8139-b5fd-4725-bae1-dc5628813510', 'INV-2026-0004', '94b8a14b-842c-423f-b556-682b2021efe0', '2b4af138-634b-4dcb-a48c-cb904e1d7129', '2026-04-25', 1558.0, 0.0, 280.44, 1838.44, 'paid'),
  ('b4857aa6-567d-4005-a3b6-9b5677665f4b', 'INV-2026-0136', 'd5e0c37a-5e00-4ff7-9095-3bc8d0c67261', '2b4af138-634b-4dcb-a48c-cb904e1d7129', '2026-04-25', 672.0, 0.0, 120.96, 792.96, 'paid'),
  ('acd47798-0b13-417b-83ce-ab78d5da3907', 'INV-2026-0021', 'f46e1a84-42c5-4393-ad6c-f997fb99ce2a', '6d5eed64-a6f4-4c53-ac4f-d909be63886f', '2026-04-26', 2033.0, 0.0, 365.94, 2398.94, 'paid'),
  ('a1670d0b-028d-48f8-b33d-df31900ab546', 'INV-2026-0121', '2ee024c7-424f-4dbb-9af4-a6295f8e2c4f', 'fc8db393-ee14-45e2-95bf-7a4dddf7b24d', '2026-04-26', 1396.0, 139.6, 226.15, 1482.55, 'overdue'),
  ('863e287d-35d4-4eb4-a459-6b56e280772f', 'INV-2026-0011', '91ee6aa8-496a-42c1-b5e8-c9e34c393e67', '99604f39-d16d-4ee5-b18b-96a589ce40a0', '2026-04-27', 4130.0, 0.0, 743.4, 4873.4, 'paid'),
  ('2ea77002-74a3-4de4-b625-7d962224043e', 'INV-2026-0015', '3c475f0b-3792-4f94-920c-9c31afadce82', '99604f39-d16d-4ee5-b18b-96a589ce40a0', '2026-04-27', 904.0, 45.2, 154.58, 1013.38, 'paid'),
  ('0dd34227-4189-48bf-b87d-e3134aa26ce0', 'INV-2026-0053', '8ec156a7-a3ff-4990-b879-eec6a4ae68af', 'a05ba0ff-1b5d-4416-849b-280057cff94b', '2026-04-28', 13092.0, 0.0, 2356.56, 15448.56, 'paid'),
  ('06801e82-2abb-4207-9f68-b0ded9be9b69', 'INV-2026-0096', '21b1475c-bc2b-4c22-b2b1-e6534a59cd86', '6d5eed64-a6f4-4c53-ac4f-d909be63886f', '2026-04-28', 739.0, 36.95, 126.37, 828.42, 'paid'),
  ('7794a09f-85ba-4844-9657-6e119b1cf41b', 'INV-2026-0111', '464a62e0-ccf2-432b-9806-e76bfdccf9b9', 'c40e9972-19b5-427b-9d04-6e34a99f4f79', '2026-04-28', 2446.0, 0.0, 440.28, 2886.28, 'paid'),
  ('26e78f13-6ddb-4607-98b1-ca198d2b65ea', 'INV-2026-0115', 'a8828cf5-45fa-4c4d-a2cc-bba56b2f4c4f', 'a05ba0ff-1b5d-4416-849b-280057cff94b', '2026-04-28', 24350.0, 0.0, 4383.0, 28733.0, 'paid'),
  ('3a5b6ecb-e37a-4cab-b9b3-45d79d1e2647', 'INV-2026-0038', 'fd037696-6eb2-40f4-b0cd-81282d5e53fc', 'c40e9972-19b5-427b-9d04-6e34a99f4f79', '2026-04-29', 20708.0, 0.0, 3727.44, 24435.44, 'paid'),
  ('cf435316-0d76-4f56-9fe8-d9e1b479a882', 'INV-2026-0090', 'f086acbb-baa1-48b8-8054-201d96805b5b', '2b4af138-634b-4dcb-a48c-cb904e1d7129', '2026-04-29', 4851.0, 242.55, 829.52, 5437.97, 'pending'),
  ('fe3b2de3-cd99-48e3-afc1-4cd9dd9f8d55', 'INV-2026-0001', 'f086acbb-baa1-48b8-8054-201d96805b5b', '4982ed6c-3ca7-4456-b7b6-943099fc344f', '2026-04-30', 10351.0, 0.0, 1863.18, 12214.18, 'overdue'),
  ('e6c235c7-c7d6-439d-aebc-5b5087228b9d', 'INV-2026-0085', 'a8828cf5-45fa-4c4d-a2cc-bba56b2f4c4f', '7e93b14b-9205-4ca0-b017-2d7349215614', '2026-05-03', 156.0, 0.0, 28.08, 184.08, 'overdue'),
  ('9148e1bc-8283-4d01-8d1e-684a71a79f49', 'INV-2026-0023', '2ee024c7-424f-4dbb-9af4-a6295f8e2c4f', 'a05ba0ff-1b5d-4416-849b-280057cff94b', '2026-05-04', 17495.0, 1749.5, 2834.19, 18579.69, 'paid'),
  ('7db91d9e-17a5-4725-8e66-c7b90d70af0d', 'INV-2026-0049', '3c475f0b-3792-4f94-920c-9c31afadce82', 'a05ba0ff-1b5d-4416-849b-280057cff94b', '2026-05-04', 8395.0, 839.5, 1359.99, 8915.49, 'pending'),
  ('b381fcf5-4bba-43d8-a298-7cd288992ab8', 'INV-2026-0071', '4bf95d57-a29d-4710-accc-bde0997a980b', '6d5eed64-a6f4-4c53-ac4f-d909be63886f', '2026-05-06', 26837.0, 2683.7, 4347.59, 28500.89, 'paid'),
  ('4aab3146-1232-48e5-bd49-2be47592173d', 'INV-2026-0094', '94b8a14b-842c-423f-b556-682b2021efe0', '7e93b14b-9205-4ca0-b017-2d7349215614', '2026-05-06', 17090.0, 0.0, 3076.2, 20166.2, 'paid'),
  ('f254fd44-3585-4282-817f-e7c85548d9f4', 'INV-2026-0055', '8ec156a7-a3ff-4990-b879-eec6a4ae68af', '2b4af138-634b-4dcb-a48c-cb904e1d7129', '2026-05-07', 2311.0, 231.1, 374.38, 2454.28, 'paid'),
  ('12c06068-282e-46e8-9f62-5a7ccb77d637', 'INV-2026-0014', 'bd81a36a-e02f-4eb7-b85e-0d1d159f4cb6', 'fc8db393-ee14-45e2-95bf-7a4dddf7b24d', '2026-05-09', 21490.0, 1074.5, 3674.79, 24090.29, 'overdue'),
  ('3e327101-444f-42a1-a7ee-360bd5989cd8', 'INV-2026-0062', '7f0705ca-9b33-4962-bf01-a72b1993a470', 'a05ba0ff-1b5d-4416-849b-280057cff94b', '2026-05-10', 15493.0, 1549.3, 2509.87, 16453.57, 'pending'),
  ('0dd16038-81f1-4a0f-b27c-70f7f3435156', 'INV-2026-0069', '4098a988-3be0-49d4-b041-d1145d237d5c', '4982ed6c-3ca7-4456-b7b6-943099fc344f', '2026-05-10', 5482.0, 548.2, 888.08, 5821.88, 'paid'),
  ('071691ff-eed5-4f81-8fa0-f71bca30709c', 'INV-2026-0104', 'b52a52db-7c59-430c-bbd3-16000f8070b6', '6d5eed64-a6f4-4c53-ac4f-d909be63886f', '2026-05-11', 755.0, 0.0, 135.9, 890.9, 'paid'),
  ('c83aeb91-a4ee-4a75-a01a-0c568c850b3c', 'INV-2026-0022', 'fd037696-6eb2-40f4-b0cd-81282d5e53fc', '7e93b14b-9205-4ca0-b017-2d7349215614', '2026-05-13', 4158.0, 0.0, 748.44, 4906.44, 'paid'),
  ('d07cff0f-59c9-4cd9-bf85-4634260f1b38', 'INV-2026-0013', 'f086acbb-baa1-48b8-8054-201d96805b5b', '99604f39-d16d-4ee5-b18b-96a589ce40a0', '2026-05-15', 2337.0, 0.0, 420.66, 2757.66, 'pending'),
  ('7ac5f2df-87b0-40a3-9d1a-9da6675c082f', 'INV-2026-0046', 'f46e1a84-42c5-4393-ad6c-f997fb99ce2a', 'fc8db393-ee14-45e2-95bf-7a4dddf7b24d', '2026-05-17', 9133.0, 913.3, 1479.55, 9699.25, 'paid'),
  ('4b18273e-4066-49e4-bc9d-e43ff449ac4d', 'INV-2026-0086', 'a8828cf5-45fa-4c4d-a2cc-bba56b2f4c4f', '7e93b14b-9205-4ca0-b017-2d7349215614', '2026-05-17', 2084.0, 104.2, 356.36, 2336.16, 'pending'),
  ('e9b88f0f-1ed3-494e-ae21-cb8b067a6524', 'INV-2026-0132', 'fccf94c3-c4f2-4d8f-bbc7-df71d3081ec2', '6d5eed64-a6f4-4c53-ac4f-d909be63886f', '2026-05-17', 2572.0, 0.0, 462.96, 3034.96, 'paid'),
  ('10df29ab-e0b3-47d9-a705-6551a1251086', 'INV-2026-0051', '8ec156a7-a3ff-4990-b879-eec6a4ae68af', '6d5eed64-a6f4-4c53-ac4f-d909be63886f', '2026-05-18', 8597.0, 0.0, 1547.46, 10144.46, 'paid'),
  ('cf955409-2616-4909-a00c-2fdced5baf6f', 'INV-2026-0079', '2fb4defd-277d-4bae-a918-c1059aaccd4b', 'fc8db393-ee14-45e2-95bf-7a4dddf7b24d', '2026-05-18', 1103.0, 0.0, 198.54, 1301.54, 'paid'),
  ('0edabddd-d1f5-48fe-b073-dfa8f18e64d9', 'INV-2026-0089', 'b52a52db-7c59-430c-bbd3-16000f8070b6', 'c40e9972-19b5-427b-9d04-6e34a99f4f79', '2026-05-18', 16290.0, 814.5, 2785.59, 18261.09, 'overdue'),
  ('c589c9bb-6919-4d28-b6df-f5b54a71fd13', 'INV-2026-0108', '59fa641a-e607-46bf-893c-5d10564c078a', 'a05ba0ff-1b5d-4416-849b-280057cff94b', '2026-05-18', 360.0, 0.0, 64.8, 424.8, 'overdue'),
  ('ab23d99e-7ab0-4721-bc4f-0532b9f2f65e', 'INV-2026-0128', '6cdc1ba9-baea-420d-b037-f945ff527396', 'c40e9972-19b5-427b-9d04-6e34a99f4f79', '2026-05-18', 3725.0, 0.0, 670.5, 4395.5, 'pending'),
  ('40b42d07-15c5-4ff3-b6f4-e61839eb60e4', 'INV-2026-0083', 'be381003-ff09-4714-8979-9ec1f27f792b', '6d5eed64-a6f4-4c53-ac4f-d909be63886f', '2026-05-19', 5632.0, 0.0, 1013.76, 6645.76, 'overdue'),
  ('d0bbf3db-ff94-4356-81c2-6eecf7a9e251', 'INV-2026-0134', '5301d2c8-28ff-42ac-a17d-c1e27c7479b3', 'fc8db393-ee14-45e2-95bf-7a4dddf7b24d', '2026-05-19', 3003.0, 300.3, 486.49, 3189.19, 'paid'),
  ('06adbfdb-9c08-499c-a0a6-2a7b7a951596', 'INV-2026-0106', '43b43dad-0d91-4943-a662-c7cccbed43fb', 'c40e9972-19b5-427b-9d04-6e34a99f4f79', '2026-05-23', 195.0, 9.75, 33.34, 218.59, 'paid'),
  ('3772af7f-08cd-4f56-a88e-f4c009f3e23a', 'INV-2026-0135', 'd5e0c37a-5e00-4ff7-9095-3bc8d0c67261', '99604f39-d16d-4ee5-b18b-96a589ce40a0', '2026-05-23', 6332.0, 316.6, 1082.77, 7098.17, 'pending'),
  ('fc4bab13-e9d3-4166-a690-feba9adbc671', 'INV-2026-0139', '85ed9647-982b-4f40-abbc-10287619d7d7', 'c40e9972-19b5-427b-9d04-6e34a99f4f79', '2026-05-24', 4244.0, 212.2, 725.72, 4757.52, 'paid'),
  ('b0e93147-5477-4c65-a9fa-7006194c8ba9', 'INV-2026-0078', 'bd81a36a-e02f-4eb7-b85e-0d1d159f4cb6', '7e93b14b-9205-4ca0-b017-2d7349215614', '2026-05-26', 1244.0, 62.2, 212.72, 1394.52, 'paid'),
  ('8613eb33-6f62-4ba1-93f5-a67af5aac830', 'INV-2026-0005', '4098a988-3be0-49d4-b041-d1145d237d5c', '7e93b14b-9205-4ca0-b017-2d7349215614', '2026-05-27', 3245.0, 0.0, 584.1, 3829.1, 'paid'),
  ('dee93f1b-1ba2-4e65-8099-cd7052bc8ab6', 'INV-2026-0028', '87b81cba-317e-43a8-bedf-914e8c90be27', '99604f39-d16d-4ee5-b18b-96a589ce40a0', '2026-05-27', 8205.0, 410.25, 1403.05, 9197.8, 'paid'),
  ('50fac3ae-6a64-43b3-89a8-3df62e491fe2', 'INV-2026-0034', 'f086acbb-baa1-48b8-8054-201d96805b5b', 'a05ba0ff-1b5d-4416-849b-280057cff94b', '2026-05-27', 712.0, 0.0, 128.16, 840.16, 'paid'),
  ('b0ca1d21-ae9b-4f51-8959-9212ccf5d17e', 'INV-2026-0075', 'bd81a36a-e02f-4eb7-b85e-0d1d159f4cb6', '2b4af138-634b-4dcb-a48c-cb904e1d7129', '2026-05-27', 1798.0, 179.8, 291.28, 1909.48, 'paid'),
  ('ae7a55ef-c855-466a-adfb-abcb3d062d73', 'INV-2026-0082', '43b43dad-0d91-4943-a662-c7cccbed43fb', 'a05ba0ff-1b5d-4416-849b-280057cff94b', '2026-05-27', 5037.0, 0.0, 906.66, 5943.66, 'paid'),
  ('83ff0228-0736-424f-afce-3fa92eedb084', 'INV-2026-0072', '88db8079-ec0e-4750-a423-75b1a101ed0c', '2b4af138-634b-4dcb-a48c-cb904e1d7129', '2026-05-28', 6489.0, 324.45, 1109.62, 7274.17, 'paid'),
  ('5e46b288-bfa8-46b4-bf0a-62a3cd9bc5db', 'INV-2026-0012', '70df4490-bcda-47cf-b8d8-7af1e6cfa7ce', '7e93b14b-9205-4ca0-b017-2d7349215614', '2026-05-29', 2998.0, 149.9, 512.66, 3360.76, 'paid'),
  ('b1b38159-67d6-4a4b-a071-2d7c3324cbec', 'INV-2026-0032', 'a8828cf5-45fa-4c4d-a2cc-bba56b2f4c4f', '2b4af138-634b-4dcb-a48c-cb904e1d7129', '2026-05-29', 4181.0, 418.1, 677.32, 4440.22, 'paid'),
  ('f7447330-458e-4ea0-95d7-02aa96c59c73', 'INV-2026-0117', 'f086acbb-baa1-48b8-8054-201d96805b5b', '6d5eed64-a6f4-4c53-ac4f-d909be63886f', '2026-05-29', 10408.0, 0.0, 1873.44, 12281.44, 'paid'),
  ('0550a135-a0d9-4b8b-b66c-27817d48cbb3', 'INV-2026-0124', '87b81cba-317e-43a8-bedf-914e8c90be27', '4982ed6c-3ca7-4456-b7b6-943099fc344f', '2026-05-30', 237.0, 0.0, 42.66, 279.66, 'paid'),
  ('9c5b9717-c4e7-4ceb-8edb-dd87b272b595', 'INV-2026-0030', '70df4490-bcda-47cf-b8d8-7af1e6cfa7ce', '7e93b14b-9205-4ca0-b017-2d7349215614', '2026-05-31', 12896.0, 0.0, 2321.28, 15217.28, 'paid'),
  ('fe989725-176c-48d8-a489-6fb75dac929b', 'INV-2026-0065', '43b43dad-0d91-4943-a662-c7cccbed43fb', 'c40e9972-19b5-427b-9d04-6e34a99f4f79', '2026-05-31', 14621.0, 1462.1, 2368.6, 15527.5, 'paid'),
  ('11aba2f1-73c1-472c-b500-de51c6521ddb', 'INV-2026-0126', '1ddccdbe-04f7-46ec-8112-2f7ea2820f20', 'fc8db393-ee14-45e2-95bf-7a4dddf7b24d', '2026-05-31', 219.0, 10.95, 37.45, 245.5, 'paid'),
  ('19f1e8ff-1af5-479a-afac-1d0fde39a07a', 'INV-2026-0146', '1ad51eeb-9a25-49fe-bcef-d1e5859901bd', 'c40e9972-19b5-427b-9d04-6e34a99f4f79', '2026-05-31', 16163.0, 0.0, 2909.34, 19072.34, 'paid'),
  ('de78a4d2-6c67-4e04-b6d0-e5b1f3b17027', 'INV-2026-0087', 'fd037696-6eb2-40f4-b0cd-81282d5e53fc', 'fc8db393-ee14-45e2-95bf-7a4dddf7b24d', '2026-06-04', 2473.0, 247.3, 400.63, 2626.33, 'paid'),
  ('33b4d10b-ad56-4533-ae9d-02369681feef', 'INV-2026-0127', '2ee024c7-424f-4dbb-9af4-a6295f8e2c4f', '4982ed6c-3ca7-4456-b7b6-943099fc344f', '2026-06-04', 1611.0, 0.0, 289.98, 1900.98, 'paid'),
  ('57b6aeed-c244-4797-a453-5646cc2a91cb', 'INV-2026-0070', 'fd037696-6eb2-40f4-b0cd-81282d5e53fc', 'c40e9972-19b5-427b-9d04-6e34a99f4f79', '2026-06-05', 10347.0, 0.0, 1862.46, 12209.46, 'paid'),
  ('5031977f-8ab7-4890-a424-813e6b448074', 'INV-2026-0120', '94b8a14b-842c-423f-b556-682b2021efe0', '6d5eed64-a6f4-4c53-ac4f-d909be63886f', '2026-06-05', 3545.0, 0.0, 638.1, 4183.1, 'paid'),
  ('3e352343-3a68-4b0c-a0d9-c7224813e323', 'INV-2026-0116', '21b1475c-bc2b-4c22-b2b1-e6534a59cd86', '6d5eed64-a6f4-4c53-ac4f-d909be63886f', '2026-06-08', 29.0, 2.9, 4.7, 30.8, 'paid'),
  ('1a71c2c3-5c1c-4ae3-a6db-7f8d3b539183', 'INV-2026-0036', 'f46e1a84-42c5-4393-ad6c-f997fb99ce2a', 'c40e9972-19b5-427b-9d04-6e34a99f4f79', '2026-06-09', 1996.0, 199.6, 323.35, 2119.75, 'overdue'),
  ('20f68bb6-6375-42e4-9fc3-f551d8867e03', 'INV-2026-0059', 'f086acbb-baa1-48b8-8054-201d96805b5b', 'fc8db393-ee14-45e2-95bf-7a4dddf7b24d', '2026-06-10', 216.0, 21.6, 34.99, 229.39, 'paid'),
  ('79f87dd5-217d-46a8-a78f-30875cd2a44e', 'INV-2026-0050', '756afd9d-b02b-4dde-a3ff-94f108c1e742', '2b4af138-634b-4dcb-a48c-cb904e1d7129', '2026-06-11', 26487.0, 1324.35, 4529.28, 29691.93, 'overdue'),
  ('326ae980-5522-4f55-a024-12320109af1b', 'INV-2026-0057', '4bf95d57-a29d-4710-accc-bde0997a980b', '99604f39-d16d-4ee5-b18b-96a589ce40a0', '2026-06-11', 6343.0, 0.0, 1141.74, 7484.74, 'overdue'),
  ('e458ed6b-fc70-4ee0-a7f5-43505009e497', 'INV-2026-0131', '464a62e0-ccf2-432b-9806-e76bfdccf9b9', '6d5eed64-a6f4-4c53-ac4f-d909be63886f', '2026-06-11', 874.0, 87.4, 141.59, 928.19, 'pending'),
  ('879ca0a7-9c50-4c53-8904-9d0398455c25', 'INV-2026-0010', '756afd9d-b02b-4dde-a3ff-94f108c1e742', '4982ed6c-3ca7-4456-b7b6-943099fc344f', '2026-06-12', 270.0, 13.5, 46.17, 302.67, 'paid'),
  ('3de24213-eefc-46d0-9185-6b385f491acb', 'INV-2026-0048', '70df4490-bcda-47cf-b8d8-7af1e6cfa7ce', 'c40e9972-19b5-427b-9d04-6e34a99f4f79', '2026-06-12', 19291.0, 0.0, 3472.38, 22763.38, 'paid'),
  ('9b2b77f9-d2d7-4a6f-8dd8-cebd3eb94ec6', 'INV-2026-0002', '8ec156a7-a3ff-4990-b879-eec6a4ae68af', '99604f39-d16d-4ee5-b18b-96a589ce40a0', '2026-06-13', 15727.0, 1572.7, 2547.77, 16702.07, 'pending'),
  ('ba3eb3c7-321d-45c7-b9bb-16730176b1e9', 'INV-2026-0056', '85ed9647-982b-4f40-abbc-10287619d7d7', 'fc8db393-ee14-45e2-95bf-7a4dddf7b24d', '2026-06-13', 1953.0, 0.0, 351.54, 2304.54, 'paid'),
  ('45d17a94-c5a0-40da-a7bb-fd786258345f', 'INV-2026-0064', '1ad51eeb-9a25-49fe-bcef-d1e5859901bd', 'fc8db393-ee14-45e2-95bf-7a4dddf7b24d', '2026-06-13', 3626.0, 362.6, 587.41, 3850.81, 'paid'),
  ('62cd5d7a-95c8-4d22-833f-4d91b1be26f5', 'INV-2026-0144', '756afd9d-b02b-4dde-a3ff-94f108c1e742', 'fc8db393-ee14-45e2-95bf-7a4dddf7b24d', '2026-06-13', 15655.0, 1565.5, 2536.11, 16625.61, 'paid'),
  ('79bc41e1-11e0-4790-ab24-88d64daf0433', 'INV-2026-0008', '88db8079-ec0e-4750-a423-75b1a101ed0c', '4982ed6c-3ca7-4456-b7b6-943099fc344f', '2026-06-14', 16443.0, 0.0, 2959.74, 19402.74, 'pending'),
  ('473edf43-89e0-4024-bd49-7f2b832dfd69', 'INV-2026-0044', 'fccf94c3-c4f2-4d8f-bbc7-df71d3081ec2', 'a05ba0ff-1b5d-4416-849b-280057cff94b', '2026-06-14', 9599.0, 0.0, 1727.82, 11326.82, 'overdue'),
  ('991c10f0-d6e4-42ac-9151-442c06a7d9af', 'INV-2026-0039', 'be381003-ff09-4714-8979-9ec1f27f792b', '4982ed6c-3ca7-4456-b7b6-943099fc344f', '2026-06-15', 2596.0, 0.0, 467.28, 3063.28, 'pending'),
  ('b2c71f71-c30e-4b4b-8929-b3a6a1c633a8', 'INV-2026-0100', 'bd81a36a-e02f-4eb7-b85e-0d1d159f4cb6', '2b4af138-634b-4dcb-a48c-cb904e1d7129', '2026-06-15', 9245.0, 924.5, 1497.69, 9818.19, 'paid'),
  ('0b3f82be-2e34-420d-9005-f4d18b4ec277', 'INV-2026-0113', '87b81cba-317e-43a8-bedf-914e8c90be27', 'c40e9972-19b5-427b-9d04-6e34a99f4f79', '2026-06-17', 1331.0, 0.0, 239.58, 1570.58, 'paid'),
  ('1345bf40-b671-495b-b593-069ab733a192', 'INV-2026-0027', 'be381003-ff09-4714-8979-9ec1f27f792b', 'a05ba0ff-1b5d-4416-849b-280057cff94b', '2026-06-18', 25786.0, 1289.3, 4409.41, 28906.11, 'pending'),
  ('fdfc9eab-ca20-48f2-b4e4-e5878b0cee1e', 'INV-2026-0125', '7f0705ca-9b33-4962-bf01-a72b1993a470', 'c40e9972-19b5-427b-9d04-6e34a99f4f79', '2026-06-18', 9783.0, 489.15, 1672.89, 10966.74, 'overdue'),
  ('e57ec00d-df2b-4c90-870b-175fa41b849b', 'INV-2026-0141', '6cabd84b-ce9d-4f62-9e93-13db570f7d00', '7e93b14b-9205-4ca0-b017-2d7349215614', '2026-06-18', 178.0, 0.0, 32.04, 210.04, 'pending'),
  ('73ed4856-44c9-4891-8d41-b0d354b40a45', 'INV-2026-0042', '5301d2c8-28ff-42ac-a17d-c1e27c7479b3', '99604f39-d16d-4ee5-b18b-96a589ce40a0', '2026-06-19', 1094.0, 0.0, 196.92, 1290.92, 'pending'),
  ('846c95ce-70b7-4a04-87b7-2ae23ed2967f', 'INV-2026-0077', 'd20ec49d-495c-4bb3-b4ad-4b1ecec79e2c', '4982ed6c-3ca7-4456-b7b6-943099fc344f', '2026-06-20', 1287.0, 0.0, 231.66, 1518.66, 'paid'),
  ('c26b3d10-6ed9-47d7-afd8-fa7c9684c3f9', 'INV-2026-0123', 'd790b847-4e26-492e-8dee-c06fcb83d19a', 'a05ba0ff-1b5d-4416-849b-280057cff94b', '2026-06-20', 395.0, 0.0, 71.1, 466.1, 'paid'),
  ('2e92aae6-a035-40c4-88e1-2d12036bfc04', 'INV-2026-0081', 'b52a52db-7c59-430c-bbd3-16000f8070b6', '2b4af138-634b-4dcb-a48c-cb904e1d7129', '2026-06-21', 18838.0, 0.0, 3390.84, 22228.84, 'paid'),
  ('2389b076-8ebd-4ac5-8184-2d00f0689855', 'INV-2026-0031', '6cabd84b-ce9d-4f62-9e93-13db570f7d00', '7e93b14b-9205-4ca0-b017-2d7349215614', '2026-06-23', 4204.0, 0.0, 756.72, 4960.72, 'paid'),
  ('c1d552ef-ed43-4d4c-b4a0-d5efd7a39451', 'INV-2026-0066', '31cff2a2-84b2-4e35-ab91-bc121aa4d68a', '4982ed6c-3ca7-4456-b7b6-943099fc344f', '2026-06-24', 29625.0, 2962.5, 4799.25, 31461.75, 'paid'),
  ('549084f0-2654-4bc8-867c-ad2f528c4fbe', 'INV-2026-0109', 'fd037696-6eb2-40f4-b0cd-81282d5e53fc', '4982ed6c-3ca7-4456-b7b6-943099fc344f', '2026-06-24', 654.0, 32.7, 111.83, 733.13, 'paid'),
  ('31fec877-0be8-4d26-9981-d7368845f377', 'INV-2026-0130', '5301d2c8-28ff-42ac-a17d-c1e27c7479b3', '6d5eed64-a6f4-4c53-ac4f-d909be63886f', '2026-06-24', 3599.0, 0.0, 647.82, 4246.82, 'paid'),
  ('e6b527e9-e56f-43c0-87a3-94eac44643bd', 'INV-2026-0145', '421728df-3d46-4137-954d-66773e82aa70', '6d5eed64-a6f4-4c53-ac4f-d909be63886f', '2026-06-25', 995.0, 0.0, 179.1, 1174.1, 'paid'),
  ('0bd4980f-e8b2-4bd9-89f2-fe61b6efb27c', 'INV-2026-0114', 'c0dfe5ba-bea1-461d-919b-9f7945b8a708', '2b4af138-634b-4dcb-a48c-cb904e1d7129', '2026-06-26', 6708.0, 0.0, 1207.44, 7915.44, 'paid'),
  ('3e2c2d70-228c-479a-bb7f-1bd16808e27a', 'INV-2026-0129', '464a62e0-ccf2-432b-9806-e76bfdccf9b9', 'a05ba0ff-1b5d-4416-849b-280057cff94b', '2026-06-26', 6740.0, 0.0, 1213.2, 7953.2, 'overdue'),
  ('713a2837-1efb-4663-8b44-ff2e2680b2bf', 'INV-2026-0037', 'fccf94c3-c4f2-4d8f-bbc7-df71d3081ec2', 'c40e9972-19b5-427b-9d04-6e34a99f4f79', '2026-06-29', 20567.0, 0.0, 3702.06, 24269.06, 'pending'),
  ('20361c46-e9a6-4684-a642-c5db057446a4', 'INV-2026-0043', 'b52a52db-7c59-430c-bbd3-16000f8070b6', '6d5eed64-a6f4-4c53-ac4f-d909be63886f', '2026-06-29', 2897.0, 144.85, 495.39, 3247.54, 'paid'),
  ('bf874847-8664-4dc2-9fe6-032746ece575', 'INV-2026-0068', 'd20ec49d-495c-4bb3-b4ad-4b1ecec79e2c', '7e93b14b-9205-4ca0-b017-2d7349215614', '2026-06-29', 3245.0, 0.0, 584.1, 3829.1, 'paid'),
  ('54ac59d0-eeb5-404b-afc9-6e8b53201f15', 'INV-2026-0073', '756afd9d-b02b-4dde-a3ff-94f108c1e742', 'c40e9972-19b5-427b-9d04-6e34a99f4f79', '2026-06-29', 3608.0, 180.4, 616.97, 4044.57, 'pending'),
  ('d6f30f49-1e2f-4d7a-8e9f-b8a2dcc77d49', 'INV-2026-0148', '8ec156a7-a3ff-4990-b879-eec6a4ae68af', 'fc8db393-ee14-45e2-95bf-7a4dddf7b24d', '2026-06-29', 11725.0, 586.25, 2004.97, 13143.72, 'paid'),
  ('70d0bfb7-d3e4-43f7-8a9a-b0b558007545', 'INV-2026-0074', '464a62e0-ccf2-432b-9806-e76bfdccf9b9', 'c40e9972-19b5-427b-9d04-6e34a99f4f79', '2026-06-30', 6948.0, 347.4, 1188.11, 7788.71, 'paid'),
  ('043e2905-4872-4b20-9959-f26921fc54ae', 'INV-2026-0140', '3c475f0b-3792-4f94-920c-9c31afadce82', 'fc8db393-ee14-45e2-95bf-7a4dddf7b24d', '2026-07-01', 5078.0, 507.8, 822.64, 5392.84, 'pending'),
  ('51f4031d-cd2a-44f9-8acd-cf7873133704', 'INV-2026-0026', 'd790b847-4e26-492e-8dee-c06fcb83d19a', 'a05ba0ff-1b5d-4416-849b-280057cff94b', '2026-07-02', 917.0, 91.7, 148.55, 973.85, 'paid'),
  ('26ea2e4e-5a82-41c6-93be-a641134ef891', 'INV-2026-0052', '94b8a14b-842c-423f-b556-682b2021efe0', '6d5eed64-a6f4-4c53-ac4f-d909be63886f', '2026-07-02', 4495.0, 0.0, 809.1, 5304.1, 'paid'),
  ('2ee4dcf7-c435-4d3e-be23-e9885d8d7236', 'INV-2026-0103', 'ed65cc3f-a7c9-41df-9416-93ecf25d976e', 'c40e9972-19b5-427b-9d04-6e34a99f4f79', '2026-07-02', 4617.0, 230.85, 789.51, 5175.66, 'paid'),
  ('26d64c01-7f15-4a28-b146-3fba9bc9ef51', 'INV-2026-0003', '85ed9647-982b-4f40-abbc-10287619d7d7', '7e93b14b-9205-4ca0-b017-2d7349215614', '2026-07-03', 87.0, 0.0, 15.66, 102.66, 'paid'),
  ('1a47afbb-b6d2-4c7d-a523-0f7fbccc224b', 'INV-2026-0024', '91ee6aa8-496a-42c1-b5e8-c9e34c393e67', 'c40e9972-19b5-427b-9d04-6e34a99f4f79', '2026-07-03', 145.0, 0.0, 26.1, 171.1, 'paid'),
  ('a71d3e90-b45f-411d-882b-07b32a5e381f', 'INV-2026-0047', 'c0dfe5ba-bea1-461d-919b-9f7945b8a708', 'a05ba0ff-1b5d-4416-849b-280057cff94b', '2026-07-03', 4382.0, 0.0, 788.76, 5170.76, 'pending'),
  ('5e0cb421-6ebc-40fa-89ef-9fdf5155d8d3', 'INV-2026-0142', '7f0705ca-9b33-4962-bf01-a72b1993a470', 'c40e9972-19b5-427b-9d04-6e34a99f4f79', '2026-07-03', 36.0, 0.0, 6.48, 42.48, 'paid'),
  ('6599d937-30d1-416d-b54a-c82a41816e97', 'INV-2026-0058', 'bd81a36a-e02f-4eb7-b85e-0d1d159f4cb6', '99604f39-d16d-4ee5-b18b-96a589ce40a0', '2026-07-04', 387.0, 0.0, 69.66, 456.66, 'paid'),
  ('5cd19a06-0a1e-4d1d-b0e8-3e47fbf7add0', 'INV-2026-0099', '4bf95d57-a29d-4710-accc-bde0997a980b', '7e93b14b-9205-4ca0-b017-2d7349215614', '2026-07-04', 1396.0, 69.8, 238.72, 1564.92, 'pending'),
  ('1c72590e-aa1e-416b-9632-d44b383affb5', 'INV-2026-0019', '5301d2c8-28ff-42ac-a17d-c1e27c7479b3', '99604f39-d16d-4ee5-b18b-96a589ce40a0', '2026-07-05', 421.0, 0.0, 75.78, 496.78, 'paid'),
  ('96f062a0-eb2f-49ef-b3ad-f92b88a74ec2', 'INV-2026-0033', '8ec156a7-a3ff-4990-b879-eec6a4ae68af', '2b4af138-634b-4dcb-a48c-cb904e1d7129', '2026-07-05', 4377.0, 0.0, 787.86, 5164.86, 'paid'),
  ('c75f0eb3-380a-46e0-95d1-e5dfba843e7a', 'INV-2026-0084', 'd20ec49d-495c-4bb3-b4ad-4b1ecec79e2c', 'a05ba0ff-1b5d-4416-849b-280057cff94b', '2026-07-05', 3333.0, 0.0, 599.94, 3932.94, 'overdue'),
  ('0e31f160-1ba7-43c0-bf7c-ae3f48a2f15e', 'INV-2026-0092', '5301d2c8-28ff-42ac-a17d-c1e27c7479b3', 'c40e9972-19b5-427b-9d04-6e34a99f4f79', '2026-07-05', 2196.0, 219.6, 355.75, 2332.15, 'paid'),
  ('3f7e7434-f9c7-42ce-b3a8-616cbc4f7124', 'INV-2026-0006', '756afd9d-b02b-4dde-a3ff-94f108c1e742', 'fc8db393-ee14-45e2-95bf-7a4dddf7b24d', '2026-07-06', 4972.0, 497.2, 805.46, 5280.26, 'paid'),
  ('28eaba54-2724-45e9-80b8-ed62a17aa89f', 'INV-2026-0029', '756afd9d-b02b-4dde-a3ff-94f108c1e742', 'a05ba0ff-1b5d-4416-849b-280057cff94b', '2026-07-06', 535.0, 0.0, 96.3, 631.3, 'paid'),
  ('43479a71-9f6f-4d9a-a85a-497749650a0a', 'INV-2026-0150', '94b8a14b-842c-423f-b556-682b2021efe0', 'a05ba0ff-1b5d-4416-849b-280057cff94b', '2026-07-06', 3983.0, 199.15, 681.09, 4464.94, 'paid'),
  ('244fc235-e710-4073-947c-3f9430e45deb', 'INV-2026-0122', 'c0dfe5ba-bea1-461d-919b-9f7945b8a708', '2b4af138-634b-4dcb-a48c-cb904e1d7129', '2026-07-07', 4483.0, 448.3, 726.25, 4760.95, 'pending'),
  ('5f2ab5f3-819c-41d5-82d3-a0a9b3b46afa', 'INV-2026-0147', 'c0dfe5ba-bea1-461d-919b-9f7945b8a708', '6d5eed64-a6f4-4c53-ac4f-d909be63886f', '2026-07-08', 6487.0, 0.0, 1167.66, 7654.66, 'pending'),
  ('74dd9ea9-1c63-4ae0-b3a5-aedde38effe7', 'INV-2026-0007', 'f46e1a84-42c5-4393-ad6c-f997fb99ce2a', 'a05ba0ff-1b5d-4416-849b-280057cff94b', '2026-07-10', 6847.0, 0.0, 1232.46, 8079.46, 'paid'),
  ('00de194c-c3de-40fd-90c1-0032ef6d6562', 'INV-2026-0020', '4bf95d57-a29d-4710-accc-bde0997a980b', '99604f39-d16d-4ee5-b18b-96a589ce40a0', '2026-07-10', 550.0, 55.0, 89.1, 584.1, 'paid'),
  ('5df41c88-1ac4-433f-b692-92fad683d0d4', 'INV-2026-0045', '1ad51eeb-9a25-49fe-bcef-d1e5859901bd', '6d5eed64-a6f4-4c53-ac4f-d909be63886f', '2026-07-10', 12918.0, 0.0, 2325.24, 15243.24, 'paid'),
  ('ddea6a5d-e4f0-42a7-906a-5ee93a551483', 'INV-2026-0095', 'be381003-ff09-4714-8979-9ec1f27f792b', '99604f39-d16d-4ee5-b18b-96a589ce40a0', '2026-07-10', 2745.0, 0.0, 494.1, 3239.1, 'overdue'),
  ('91f10c59-ceaa-45c9-b094-ef81de49f985', 'INV-2026-0098', '756afd9d-b02b-4dde-a3ff-94f108c1e742', '6d5eed64-a6f4-4c53-ac4f-d909be63886f', '2026-07-10', 1047.0, 0.0, 188.46, 1235.46, 'paid');

insert into sale_items (id, sale_id, product_id, quantity, unit_price, line_total) values
  ('c15df594-0657-4896-a3aa-7d12ecfa050d', 'fe3b2de3-cd99-48e3-afc1-4cd9dd9f8d55', '583d5d84-aa1e-41a3-b36e-e7a021065362', 3, 2899.0, 8697.0),
  ('3b2ffc31-5cd3-4748-8b87-745decfa9194', 'fe3b2de3-cd99-48e3-afc1-4cd9dd9f8d55', '565b0007-25e7-4387-a2da-9ab123b297d4', 4, 199.0, 796.0),
  ('476a6563-2763-4d66-95a3-271b703ad062', 'fe3b2de3-cd99-48e3-afc1-4cd9dd9f8d55', 'aa51c4ec-78b0-4c7f-8246-da01b7f0443c', 2, 429.0, 858.0),
  ('11443881-b448-4cf5-8187-15c3f181e7f5', '9b2b77f9-d2d7-4a6f-8dd8-cebd3eb94ec6', '268757f1-3097-4a7e-b831-69ee684b3142', 1, 18.0, 18.0),
  ('a81d34b5-1075-482a-a6bd-8ae3c226787d', '9b2b77f9-d2d7-4a6f-8dd8-cebd3eb94ec6', 'dc083719-9699-45a8-8f79-361a63805145', 4, 54.0, 216.0),
  ('9ce7018d-c291-47d7-b2d2-d68b75ad27e3', '9b2b77f9-d2d7-4a6f-8dd8-cebd3eb94ec6', '9d483008-be58-4011-8f15-647780f16942', 3, 499.0, 1497.0),
  ('9849d3c3-463d-4ff5-a04c-7719319a05ff', '9b2b77f9-d2d7-4a6f-8dd8-cebd3eb94ec6', '00650df2-7c49-4f4b-90a1-aa132f0a92f1', 4, 3499.0, 13996.0),
  ('4e9da6da-d5a0-4337-a996-63736add397f', '26d64c01-7f15-4a28-b146-3fba9bc9ef51', '31db4f21-41de-489c-9307-2f96e4e03139', 3, 29.0, 87.0),
  ('4b5ff9c5-d3cc-4c01-91ad-c40ac0e81a85', '130c8139-b5fd-4725-bae1-dc5628813510', 'dc083719-9699-45a8-8f79-361a63805145', 3, 54.0, 162.0),
  ('5042c8d5-4c72-4e42-a482-60393d8e679a', '130c8139-b5fd-4725-bae1-dc5628813510', 'f2dc1854-9657-4043-bb26-d99a204bc39b', 4, 349.0, 1396.0),
  ('b3c70de8-2bf4-40ca-9449-0a21004fac4b', '8613eb33-6f62-4ba1-93f5-a67af5aac830', '74417605-f630-4d0c-b000-16684f575eb5', 5, 649.0, 3245.0),
  ('cd8bf85b-7490-44b7-8f80-ce6abc8ae091', '3f7e7434-f9c7-42ce-b3a8-616cbc4f7124', 'b81b6024-a971-4520-957f-5b04f537bd76', 1, 349.0, 349.0),
  ('2c9ce396-1206-4776-88a0-b9e00162e8de', '3f7e7434-f9c7-42ce-b3a8-616cbc4f7124', '9d483008-be58-4011-8f15-647780f16942', 2, 499.0, 998.0),
  ('a0ac6d09-8b1b-4d30-94b9-e847ef7bae82', '3f7e7434-f9c7-42ce-b3a8-616cbc4f7124', '4a127c12-fa3a-4543-9b57-865c40b4354a', 4, 899.0, 3596.0),
  ('f5e8a305-c79c-4151-9d42-c68c6e6bc199', '3f7e7434-f9c7-42ce-b3a8-616cbc4f7124', '31db4f21-41de-489c-9307-2f96e4e03139', 1, 29.0, 29.0),
  ('d4df9a09-622e-44a8-a0c0-76e4a780b6ac', '74dd9ea9-1c63-4ae0-b3a5-aedde38effe7', '89fd7868-9c42-4d01-acec-5076c9906529', 4, 129.0, 516.0),
  ('5050c0c7-8867-4831-8767-4263a2d45944', '74dd9ea9-1c63-4ae0-b3a5-aedde38effe7', 'f3160e6a-6f8a-4682-a667-780c6b81b1be', 2, 899.0, 1798.0),
  ('3404a522-0cc4-49d4-aa96-e701466a1b55', '74dd9ea9-1c63-4ae0-b3a5-aedde38effe7', '268757f1-3097-4a7e-b831-69ee684b3142', 2, 18.0, 36.0),
  ('fc112227-6c6f-4b12-a6b8-3fcaea0fc0a5', '74dd9ea9-1c63-4ae0-b3a5-aedde38effe7', 'f9235b2e-1f0c-413e-bc9e-aea32fff6762', 3, 1499.0, 4497.0),
  ('3dc042ca-fcd4-4339-8451-993bf20b288e', '79bc41e1-11e0-4790-ab24-88d64daf0433', '126b9047-04df-434c-9ddd-f4876acab6e5', 5, 1250.0, 6250.0),
  ('9f6ed450-4e35-480e-859e-445ce762de1b', '79bc41e1-11e0-4790-ab24-88d64daf0433', '85204e31-5a68-4d0d-8861-73dd325e0186', 5, 1899.0, 9495.0),
  ('637d7d08-9369-4bdd-afb5-cfd440b1eaca', '79bc41e1-11e0-4790-ab24-88d64daf0433', 'b81b6024-a971-4520-957f-5b04f537bd76', 2, 349.0, 698.0),
  ('5a030228-ae2a-4e16-bc6c-590b28c3e48f', 'aee12f31-9d07-4c38-b716-d11bb85a58be', '90eb2ddc-5d23-4e66-921f-f082675daff0', 2, 149.0, 298.0),
  ('02ef3485-36c4-4d1a-9b56-577693ce6a3b', '879ca0a7-9c50-4c53-8904-9d0398455c25', 'dc083719-9699-45a8-8f79-361a63805145', 5, 54.0, 270.0),
  ('c5924509-c169-4744-a71d-5f26c575eb53', '863e287d-35d4-4eb4-a459-6b56e280772f', '31db4f21-41de-489c-9307-2f96e4e03139', 3, 29.0, 87.0),
  ('03654640-223f-4aa9-a75b-190ed5798215', '863e287d-35d4-4eb4-a459-6b56e280772f', 'f4dd0db5-ad60-4a5a-ad53-b0d592d75697', 4, 899.0, 3596.0),
  ('a17fe15d-7563-4405-b2ca-4f9b612b8689', '863e287d-35d4-4eb4-a459-6b56e280772f', '90eb2ddc-5d23-4e66-921f-f082675daff0', 3, 149.0, 447.0),
  ('730bc3a4-723f-4ddd-845e-e2de0351fd0f', '5e46b288-bfa8-46b4-bf0a-62a3cd9bc5db', 'f9235b2e-1f0c-413e-bc9e-aea32fff6762', 2, 1499.0, 2998.0),
  ('d52e29d8-edb9-4870-91c0-b8d4d648be3e', 'd07cff0f-59c9-4cd9-bf85-4634260f1b38', '959750de-6b39-4006-9411-b458eaf6f66d', 5, 39.0, 195.0),
  ('35ba320c-e9b9-4287-879d-8144bc434ea0', 'd07cff0f-59c9-4cd9-bf85-4634260f1b38', 'f2dc1854-9657-4043-bb26-d99a204bc39b', 3, 349.0, 1047.0),
  ('c781be6f-4d98-48e9-b109-4d65069ec0ba', 'd07cff0f-59c9-4cd9-bf85-4634260f1b38', 'd8b9de9a-7f19-454d-b8b4-db3565fa82fd', 5, 219.0, 1095.0),
  ('336d9eae-8689-420e-8511-6fdc7bc25129', '12c06068-282e-46e8-9f62-5a7ccb77d637', '00650df2-7c49-4f4b-90a1-aa132f0a92f1', 5, 3499.0, 17495.0),
  ('2a8060d5-687b-4981-8b0f-6cf0624e0321', '12c06068-282e-46e8-9f62-5a7ccb77d637', 'ba943a01-def2-4ab3-857d-8aa0a0f6c863', 2, 649.0, 1298.0),
  ('a2cef0b6-5ae7-4c7e-9529-683d0a883c8b', '12c06068-282e-46e8-9f62-5a7ccb77d637', 'f3160e6a-6f8a-4682-a667-780c6b81b1be', 3, 899.0, 2697.0),
  ('affe7b14-f87d-47d4-b77f-9793ad30e577', '2ea77002-74a3-4de4-b625-7d962224043e', '565b0007-25e7-4387-a2da-9ab123b297d4', 1, 199.0, 199.0),
  ('ee4169bc-b898-4ee6-b00e-9dc15b175fb5', '2ea77002-74a3-4de4-b625-7d962224043e', 'b81b6024-a971-4520-957f-5b04f537bd76', 1, 349.0, 349.0),
  ('7a07639d-d519-46e7-9be5-c950a09d09c9', '2ea77002-74a3-4de4-b625-7d962224043e', 'c2e4a20b-7ef1-458c-81e5-6e91b36757dd', 4, 89.0, 356.0),
  ('2461baeb-7dc3-4ad2-9179-bd6556d7384d', '6d590189-bc34-4bed-a4a5-87587eccac12', 'f2dc1854-9657-4043-bb26-d99a204bc39b', 5, 349.0, 1745.0),
  ('9731aa87-a5d6-4cdd-86b3-05091ce6407d', '6d590189-bc34-4bed-a4a5-87587eccac12', 'f3160e6a-6f8a-4682-a667-780c6b81b1be', 4, 899.0, 3596.0),
  ('f7fbd267-a657-4be8-9530-83a2f2d17990', '6d590189-bc34-4bed-a4a5-87587eccac12', 'd8b9de9a-7f19-454d-b8b4-db3565fa82fd', 5, 219.0, 1095.0),
  ('cebba18e-dec4-4b84-817c-417f6602d886', '877d7bc6-c2ff-4deb-a104-6e6e6d13abf8', '85204e31-5a68-4d0d-8861-73dd325e0186', 4, 1899.0, 7596.0),
  ('0dde416c-c50e-43fa-b1af-7eb99e45c8a9', '877d7bc6-c2ff-4deb-a104-6e6e6d13abf8', 'f9235b2e-1f0c-413e-bc9e-aea32fff6762', 2, 1499.0, 2998.0),
  ('141f73f6-db75-49c3-b67f-8775b8b25c74', '877d7bc6-c2ff-4deb-a104-6e6e6d13abf8', 'f4dd0db5-ad60-4a5a-ad53-b0d592d75697', 1, 899.0, 899.0),
  ('d2b79495-f5c9-4df9-bb57-46da5b1720f8', '4524eb53-1779-4937-9f0b-5b7c1d949a66', '90eb2ddc-5d23-4e66-921f-f082675daff0', 3, 149.0, 447.0),
  ('66700807-6345-4471-a44a-c638b2ecfe65', '4524eb53-1779-4937-9f0b-5b7c1d949a66', '00650df2-7c49-4f4b-90a1-aa132f0a92f1', 5, 3499.0, 17495.0),
  ('7de6141f-82d2-4a49-bfc8-bb3f25da6ab5', '1c72590e-aa1e-416b-9632-d44b383affb5', '268757f1-3097-4a7e-b831-69ee684b3142', 4, 18.0, 72.0),
  ('e461c15a-b8b3-41ce-8548-b0ec3e0ac296', '1c72590e-aa1e-416b-9632-d44b383affb5', 'f2dc1854-9657-4043-bb26-d99a204bc39b', 1, 349.0, 349.0),
  ('ba737ef4-e672-42ef-9cdc-60aedd92c5e6', '00de194c-c3de-40fd-90c1-0032ef6d6562', 'f2dc1854-9657-4043-bb26-d99a204bc39b', 1, 349.0, 349.0),
  ('398a43ef-7078-46b3-b700-22335de546d7', '00de194c-c3de-40fd-90c1-0032ef6d6562', '268757f1-3097-4a7e-b831-69ee684b3142', 4, 18.0, 72.0),
  ('710ef60a-1d9c-48dd-a16e-36787ee887e8', '00de194c-c3de-40fd-90c1-0032ef6d6562', '89fd7868-9c42-4d01-acec-5076c9906529', 1, 129.0, 129.0),
  ('21cabe98-ca93-4616-bbff-bfbc97852598', 'acd47798-0b13-417b-83ce-ab78d5da3907', '9b6744b7-8a91-42e4-862d-309149e20430', 2, 549.0, 1098.0),
  ('b4a57ce8-9f96-446c-91af-a5cb8791af16', 'acd47798-0b13-417b-83ce-ab78d5da3907', '268757f1-3097-4a7e-b831-69ee684b3142', 2, 18.0, 36.0),
  ('dd51d8fd-7ac8-4eeb-9bac-53ab1c337d00', 'acd47798-0b13-417b-83ce-ab78d5da3907', '4a127c12-fa3a-4543-9b57-865c40b4354a', 1, 899.0, 899.0),
  ('5dd9c8e4-f152-41b9-94f8-c0f98f296a00', 'c83aeb91-a4ee-4a75-a01a-0c568c850b3c', '35026cca-33eb-4599-84bf-dc886a345497', 4, 79.0, 316.0),
  ('0c28c7e5-982f-4ad7-84a6-63f0ed5ab47f', 'c83aeb91-a4ee-4a75-a01a-0c568c850b3c', '74417605-f630-4d0c-b000-16684f575eb5', 5, 649.0, 3245.0),
  ('d4f689a7-ae95-459c-acf8-f7fd88b2c044', 'c83aeb91-a4ee-4a75-a01a-0c568c850b3c', '565b0007-25e7-4387-a2da-9ab123b297d4', 3, 199.0, 597.0),
  ('3bfa66ed-8100-43fc-af2e-3ce4579ae118', '9148e1bc-8283-4d01-8d1e-684a71a79f49', '00650df2-7c49-4f4b-90a1-aa132f0a92f1', 5, 3499.0, 17495.0),
  ('5493e9f4-d73a-4e94-b902-c07a0e97dd05', '1a47afbb-b6d2-4c7d-a523-0f7fbccc224b', '31db4f21-41de-489c-9307-2f96e4e03139', 5, 29.0, 145.0),
  ('832a365b-db83-4ab4-a40e-736deb2aafe7', 'bbdb6665-c3e8-4a97-8f55-be985946a99d', '35026cca-33eb-4599-84bf-dc886a345497', 1, 79.0, 79.0),
  ('c2d3dc17-e23a-4373-97b7-72bf64cab38a', 'bbdb6665-c3e8-4a97-8f55-be985946a99d', 'dc083719-9699-45a8-8f79-361a63805145', 3, 54.0, 162.0),
  ('626dabc9-d95f-4791-8926-2133d4b6931c', '51f4031d-cd2a-44f9-8acd-cf7873133704', 'f28b2846-a424-41b7-b331-6653b740900a', 5, 89.0, 445.0),
  ('b56f8414-6707-4885-b9b5-fb037fb44c80', '51f4031d-cd2a-44f9-8acd-cf7873133704', '31db4f21-41de-489c-9307-2f96e4e03139', 2, 29.0, 58.0),
  ('f950380d-d899-41f0-9133-b5a593df89b4', '51f4031d-cd2a-44f9-8acd-cf7873133704', '89fd7868-9c42-4d01-acec-5076c9906529', 2, 129.0, 258.0),
  ('cc78258f-7f95-439e-9128-0b59c56b5d90', '51f4031d-cd2a-44f9-8acd-cf7873133704', '959750de-6b39-4006-9411-b458eaf6f66d', 4, 39.0, 156.0),
  ('e26af2e6-697b-4b8e-86c2-caa536f76647', '1345bf40-b671-495b-b593-069ab733a192', 'f9235b2e-1f0c-413e-bc9e-aea32fff6762', 3, 1499.0, 4497.0),
  ('7fb3a041-9b97-41ee-896f-d7e670b9b8be', '1345bf40-b671-495b-b593-069ab733a192', '9b6744b7-8a91-42e4-862d-309149e20430', 2, 549.0, 1098.0),
  ('e40f88a8-5cb6-45bd-9bf0-695aaf8c3001', '1345bf40-b671-495b-b593-069ab733a192', 'c80f2764-5ba1-4c8f-91c0-f20b6643a31e', 4, 4999.0, 19996.0),
  ('72f2c2cf-01b2-4f8a-b5f0-e2d4b305ee53', '1345bf40-b671-495b-b593-069ab733a192', '959750de-6b39-4006-9411-b458eaf6f66d', 5, 39.0, 195.0),
  ('b801c107-835a-4cd1-9319-8a562db14dc8', 'dee93f1b-1ba2-4e65-8099-cd7052bc8ab6', '268757f1-3097-4a7e-b831-69ee684b3142', 1, 18.0, 18.0),
  ('6b1345b2-f1e7-46cd-b4a1-70cb6d10b896', 'dee93f1b-1ba2-4e65-8099-cd7052bc8ab6', 'ba943a01-def2-4ab3-857d-8aa0a0f6c863', 3, 649.0, 1947.0),
  ('d1668a35-7e30-4105-96ee-9399a67096e4', 'dee93f1b-1ba2-4e65-8099-cd7052bc8ab6', 'f3160e6a-6f8a-4682-a667-780c6b81b1be', 5, 899.0, 4495.0),
  ('4242f2ce-1352-485b-9c83-11bdfeacd611', 'dee93f1b-1ba2-4e65-8099-cd7052bc8ab6', 'f2dc1854-9657-4043-bb26-d99a204bc39b', 5, 349.0, 1745.0),
  ('bf56e62a-5aba-4e8a-a8a9-0b6132387b00', '28eaba54-2724-45e9-80b8-ed62a17aa89f', '268757f1-3097-4a7e-b831-69ee684b3142', 2, 18.0, 36.0),
  ('4a9e66e3-3d79-4094-8bb4-8dc443e13c87', '28eaba54-2724-45e9-80b8-ed62a17aa89f', '9d483008-be58-4011-8f15-647780f16942', 1, 499.0, 499.0),
  ('511a4a66-6efb-4760-9406-e36966f4d962', '9c5b9717-c4e7-4ceb-8edb-dd87b272b595', 'dc083719-9699-45a8-8f79-361a63805145', 2, 54.0, 108.0),
  ('d175b679-6237-400c-9a3e-28e2fc31bae3', '9c5b9717-c4e7-4ceb-8edb-dd87b272b595', 'ba943a01-def2-4ab3-857d-8aa0a0f6c863', 4, 649.0, 2596.0),
  ('e7f0b440-305f-49ed-8ded-a252f4ba81ce', '9c5b9717-c4e7-4ceb-8edb-dd87b272b595', '74417605-f630-4d0c-b000-16684f575eb5', 4, 649.0, 2596.0),
  ('e93d8c9f-1b1b-4f4e-97a3-8fbcab1bd42c', '9c5b9717-c4e7-4ceb-8edb-dd87b272b595', '85204e31-5a68-4d0d-8861-73dd325e0186', 4, 1899.0, 7596.0),
  ('a15cfd6c-a869-42be-883d-58535bdd2c44', '2389b076-8ebd-4ac5-8184-2d00f0689855', 'aa51c4ec-78b0-4c7f-8246-da01b7f0443c', 5, 429.0, 2145.0),
  ('7268e930-001f-49bd-93c7-a7dcde67d0ee', '2389b076-8ebd-4ac5-8184-2d00f0689855', 'f2dc1854-9657-4043-bb26-d99a204bc39b', 4, 349.0, 1396.0),
  ('463cd9a3-1d03-4f81-b789-dee1bebac77f', '2389b076-8ebd-4ac5-8184-2d00f0689855', '268757f1-3097-4a7e-b831-69ee684b3142', 1, 18.0, 18.0),
  ('8bc113fa-c0ec-48bf-aead-a8e3f51f34a9', '2389b076-8ebd-4ac5-8184-2d00f0689855', '89fd7868-9c42-4d01-acec-5076c9906529', 5, 129.0, 645.0),
  ('ff21c7dd-b406-4e26-be78-6f38c3e5f353', 'b1b38159-67d6-4a4b-a071-2d7c3324cbec', 'c01450fd-f183-4971-8bdc-070141711edf', 5, 12.0, 60.0),
  ('9db8ab87-9d90-4c19-abce-f12a4b9475d0', 'b1b38159-67d6-4a4b-a071-2d7c3324cbec', 'ba943a01-def2-4ab3-857d-8aa0a0f6c863', 5, 649.0, 3245.0),
  ('789f1ca2-fcd9-42c1-8c62-cc4badf3d65b', 'b1b38159-67d6-4a4b-a071-2d7c3324cbec', 'd8b9de9a-7f19-454d-b8b4-db3565fa82fd', 4, 219.0, 876.0),
  ('134f51b9-4a3d-4c85-a0ea-0143ae1d2a8e', '96f062a0-eb2f-49ef-b3ad-f92b88a74ec2', 'c01450fd-f183-4971-8bdc-070141711edf', 3, 12.0, 36.0),
  ('13013ef3-6214-44bb-b530-2840df67273a', '96f062a0-eb2f-49ef-b3ad-f92b88a74ec2', 'aa51c4ec-78b0-4c7f-8246-da01b7f0443c', 5, 429.0, 2145.0),
  ('10879adb-4940-4310-a801-4f2a385174d5', '96f062a0-eb2f-49ef-b3ad-f92b88a74ec2', '9b6744b7-8a91-42e4-862d-309149e20430', 4, 549.0, 2196.0),
  ('d7c152cd-8d0c-4644-aa68-26b0df454e5c', '50fac3ae-6a64-43b3-89a8-3df62e491fe2', 'c2e4a20b-7ef1-458c-81e5-6e91b36757dd', 3, 89.0, 267.0),
  ('40e35961-6b7e-494e-896f-bac7c8f7f249', '50fac3ae-6a64-43b3-89a8-3df62e491fe2', 'f28b2846-a424-41b7-b331-6653b740900a', 5, 89.0, 445.0),
  ('0f83c37d-76aa-4ff5-860c-6cd32974172d', '3b5473f6-591c-468f-a7fe-a6a7a56ca0f4', '89fd7868-9c42-4d01-acec-5076c9906529', 1, 129.0, 129.0),
  ('8335e9e7-6472-480e-bb9f-ec17ec4a10b4', '3b5473f6-591c-468f-a7fe-a6a7a56ca0f4', '9d483008-be58-4011-8f15-647780f16942', 4, 499.0, 1996.0),
  ('ceba1911-c791-4910-b8f4-8f690e8bd554', '1a71c2c3-5c1c-4ae3-a6db-7f8d3b539183', '9d483008-be58-4011-8f15-647780f16942', 4, 499.0, 1996.0),
  ('e9028aa9-da11-442e-8abc-764b8ee4b7df', '713a2837-1efb-4663-8b44-ff2e2680b2bf', 'c80f2764-5ba1-4c8f-91c0-f20b6643a31e', 4, 4999.0, 19996.0),
  ('c4867ac4-1e7c-45a5-bd60-247b1708c83a', '713a2837-1efb-4663-8b44-ff2e2680b2bf', '35026cca-33eb-4599-84bf-dc886a345497', 4, 79.0, 316.0),
  ('478a1e54-7622-4ae5-8d8b-8a1689038022', '713a2837-1efb-4663-8b44-ff2e2680b2bf', '959750de-6b39-4006-9411-b458eaf6f66d', 5, 39.0, 195.0),
  ('a6ed4c1d-2f65-448b-a317-4a50a1e5b9be', '713a2837-1efb-4663-8b44-ff2e2680b2bf', 'c01450fd-f183-4971-8bdc-070141711edf', 5, 12.0, 60.0),
  ('c09a2be4-3bbd-47db-8878-6e3a0c0df7a7', '3a5b6ecb-e37a-4cab-b9b3-45d79d1e2647', 'c80f2764-5ba1-4c8f-91c0-f20b6643a31e', 4, 4999.0, 19996.0),
  ('1a692933-f17a-459c-b320-e579e5b562ea', '3a5b6ecb-e37a-4cab-b9b3-45d79d1e2647', '31db4f21-41de-489c-9307-2f96e4e03139', 2, 29.0, 58.0),
  ('230ad8ca-5d65-4be5-a2ef-cd65a5091108', '3a5b6ecb-e37a-4cab-b9b3-45d79d1e2647', 'f28b2846-a424-41b7-b331-6653b740900a', 4, 89.0, 356.0),
  ('a4f29f5c-a081-48fd-9509-a8018e2d86a0', '3a5b6ecb-e37a-4cab-b9b3-45d79d1e2647', '90eb2ddc-5d23-4e66-921f-f082675daff0', 2, 149.0, 298.0),
  ('30c85869-f945-4ffe-add4-5eaa8b527795', '991c10f0-d6e4-42ac-9151-442c06a7d9af', '74417605-f630-4d0c-b000-16684f575eb5', 4, 649.0, 2596.0),
  ('2755b8e6-1383-42a6-8217-8262c2529af5', 'd3f7ab66-5c8d-4b2f-8f4c-ba85dde17baa', 'f28b2846-a424-41b7-b331-6653b740900a', 4, 89.0, 356.0),
  ('3c8da87a-96a1-4123-8fba-d860c9a62f16', 'd3f7ab66-5c8d-4b2f-8f4c-ba85dde17baa', '9d483008-be58-4011-8f15-647780f16942', 3, 499.0, 1497.0),
  ('4e6d81d3-a9c4-4933-870a-9d711581a922', 'd3f7ab66-5c8d-4b2f-8f4c-ba85dde17baa', 'd8b9de9a-7f19-454d-b8b4-db3565fa82fd', 4, 219.0, 876.0),
  ('0b62a937-3f02-46a9-8f59-f6b0b0595f2c', 'd3f7ab66-5c8d-4b2f-8f4c-ba85dde17baa', 'c01450fd-f183-4971-8bdc-070141711edf', 3, 12.0, 36.0),
  ('635e16c7-8617-44f0-91ca-58c46d8d1951', '29b9decc-8f51-4c7f-bce9-baea356d9b3e', 'aa51c4ec-78b0-4c7f-8246-da01b7f0443c', 1, 429.0, 429.0),
  ('c487348c-adbe-4c18-87a0-59dce9a87e37', '29b9decc-8f51-4c7f-bce9-baea356d9b3e', '74417605-f630-4d0c-b000-16684f575eb5', 1, 649.0, 649.0),
  ('00cb3d70-88d6-45ad-b7a3-fd88bdc87570', '29b9decc-8f51-4c7f-bce9-baea356d9b3e', '583d5d84-aa1e-41a3-b36e-e7a021065362', 2, 2899.0, 5798.0),
  ('38e85ae9-cc2f-428e-8297-caf0c5e8a5bc', '73ed4856-44c9-4891-8d41-b0d354b40a45', 'b81b6024-a971-4520-957f-5b04f537bd76', 1, 349.0, 349.0),
  ('e1023426-385c-4783-9b49-e4115972d206', '73ed4856-44c9-4891-8d41-b0d354b40a45', '90eb2ddc-5d23-4e66-921f-f082675daff0', 5, 149.0, 745.0),
  ('4ac5bc9f-7c4d-4354-bfdb-ff485ce97438', '20361c46-e9a6-4684-a642-c5db057446a4', '2676debc-5cb9-420b-a546-ce18d9511337', 1, 1099.0, 1099.0),
  ('675fd248-a346-4747-b935-82535f4f3fa5', '20361c46-e9a6-4684-a642-c5db057446a4', 'f3160e6a-6f8a-4682-a667-780c6b81b1be', 2, 899.0, 1798.0),
  ('d661ea49-ea2d-447e-b127-42602e9aaf74', '473edf43-89e0-4024-bd49-7f2b832dfd69', '31db4f21-41de-489c-9307-2f96e4e03139', 5, 29.0, 145.0),
  ('14e8fced-9d26-4f91-8f2a-a554de0cebee', '473edf43-89e0-4024-bd49-7f2b832dfd69', '89fd7868-9c42-4d01-acec-5076c9906529', 2, 129.0, 258.0),
  ('ecb168e6-3353-4257-b986-de3f4dbf6acb', '473edf43-89e0-4024-bd49-7f2b832dfd69', '9d483008-be58-4011-8f15-647780f16942', 1, 499.0, 499.0),
  ('92552452-104e-4819-8419-958d333724ad', '473edf43-89e0-4024-bd49-7f2b832dfd69', '583d5d84-aa1e-41a3-b36e-e7a021065362', 3, 2899.0, 8697.0),
  ('e045718d-4d2d-41b0-a3f2-a4da886bde5a', '5df41c88-1ac4-433f-b692-92fad683d0d4', '90eb2ddc-5d23-4e66-921f-f082675daff0', 3, 149.0, 447.0),
  ('602c9a8b-a925-4318-8501-997e537dbd04', '5df41c88-1ac4-433f-b692-92fad683d0d4', '35026cca-33eb-4599-84bf-dc886a345497', 1, 79.0, 79.0),
  ('d4936b18-2ca1-4f8d-9a87-0b1ce3ee88bf', '5df41c88-1ac4-433f-b692-92fad683d0d4', '583d5d84-aa1e-41a3-b36e-e7a021065362', 4, 2899.0, 11596.0),
  ('086f994e-9bf6-4c0d-b7e1-b653955845eb', '5df41c88-1ac4-433f-b692-92fad683d0d4', '565b0007-25e7-4387-a2da-9ab123b297d4', 4, 199.0, 796.0),
  ('87089483-d7f1-4554-816e-7187e929f106', '7ac5f2df-87b0-40a3-9d1a-9da6675c082f', 'f2dc1854-9657-4043-bb26-d99a204bc39b', 3, 349.0, 1047.0),
  ('aee26173-05c3-47cb-a424-e587db92512f', '7ac5f2df-87b0-40a3-9d1a-9da6675c082f', 'f3160e6a-6f8a-4682-a667-780c6b81b1be', 5, 899.0, 4495.0),
  ('1c1af285-7151-480e-a8a6-0ccb9d07984d', '7ac5f2df-87b0-40a3-9d1a-9da6675c082f', '565b0007-25e7-4387-a2da-9ab123b297d4', 5, 199.0, 995.0),
  ('a0535d52-137f-46ff-aceb-27b8a315be51', '7ac5f2df-87b0-40a3-9d1a-9da6675c082f', '74417605-f630-4d0c-b000-16684f575eb5', 4, 649.0, 2596.0),
  ('cc29d288-a9d6-44d4-8760-b31e31cb1a6c', 'a71d3e90-b45f-411d-882b-07b32a5e381f', '4a127c12-fa3a-4543-9b57-865c40b4354a', 1, 899.0, 899.0),
  ('a683c23b-25f9-400c-970a-89bc3aeb9e3b', 'a71d3e90-b45f-411d-882b-07b32a5e381f', 'aa51c4ec-78b0-4c7f-8246-da01b7f0443c', 3, 429.0, 1287.0),
  ('b8b290b7-6502-4861-9fc5-98e510e90786', 'a71d3e90-b45f-411d-882b-07b32a5e381f', '9b6744b7-8a91-42e4-862d-309149e20430', 4, 549.0, 2196.0),
  ('c5700b10-770c-43e9-b327-e8102402428d', '3de24213-eefc-46d0-9185-6b385f491acb', 'c80f2764-5ba1-4c8f-91c0-f20b6643a31e', 3, 4999.0, 14997.0),
  ('3d3ec602-f37d-4b6d-9f5b-51dd9e18575b', '3de24213-eefc-46d0-9185-6b385f491acb', 'b81b6024-a971-4520-957f-5b04f537bd76', 2, 349.0, 698.0),
  ('2635fe5f-deca-4353-8b48-5e84de350a90', '3de24213-eefc-46d0-9185-6b385f491acb', '4a127c12-fa3a-4543-9b57-865c40b4354a', 4, 899.0, 3596.0),
  ('6d3f4cf7-b53f-471e-a270-5911a95e22e8', '7db91d9e-17a5-4725-8e66-c7b90d70af0d', 'f9235b2e-1f0c-413e-bc9e-aea32fff6762', 2, 1499.0, 2998.0),
  ('c2d13895-f864-4e07-809e-5368ae738bbd', '7db91d9e-17a5-4725-8e66-c7b90d70af0d', 'c80f2764-5ba1-4c8f-91c0-f20b6643a31e', 1, 4999.0, 4999.0),
  ('37f083f1-366a-4fde-8063-3e8d841ace22', '7db91d9e-17a5-4725-8e66-c7b90d70af0d', '565b0007-25e7-4387-a2da-9ab123b297d4', 2, 199.0, 398.0),
  ('2289334e-5864-459e-a80a-9034d7bc1f5a', '79f87dd5-217d-46a8-a78f-30875cd2a44e', 'd8b9de9a-7f19-454d-b8b4-db3565fa82fd', 3, 219.0, 657.0),
  ('c3c64262-e893-4ca5-ab01-055b11a0c37b', '79f87dd5-217d-46a8-a78f-30875cd2a44e', '268757f1-3097-4a7e-b831-69ee684b3142', 2, 18.0, 36.0),
  ('0b71b0d0-adc5-48e1-b70d-64b4e162beb2', '79f87dd5-217d-46a8-a78f-30875cd2a44e', 'c80f2764-5ba1-4c8f-91c0-f20b6643a31e', 4, 4999.0, 19996.0),
  ('02a7fa76-655d-4b8c-a1e4-6b69bc32f8c7', '79f87dd5-217d-46a8-a78f-30875cd2a44e', '583d5d84-aa1e-41a3-b36e-e7a021065362', 2, 2899.0, 5798.0),
  ('14822144-6382-420b-b883-578c2694f478', '10df29ab-e0b3-47d9-a705-6551a1251086', 'f3160e6a-6f8a-4682-a667-780c6b81b1be', 4, 899.0, 3596.0),
  ('7f8c1a2f-76b8-4e81-8d5f-444632429230', '10df29ab-e0b3-47d9-a705-6551a1251086', 'f9235b2e-1f0c-413e-bc9e-aea32fff6762', 3, 1499.0, 4497.0),
  ('178ba14f-650f-4328-b48f-22440c801f42', '10df29ab-e0b3-47d9-a705-6551a1251086', 'f28b2846-a424-41b7-b331-6653b740900a', 3, 89.0, 267.0),
  ('7f37624a-dd14-4ffd-883e-6be74e61952e', '10df29ab-e0b3-47d9-a705-6551a1251086', '35026cca-33eb-4599-84bf-dc886a345497', 3, 79.0, 237.0),
  ('fdef099a-6c5b-4db0-b8e4-c2ae10fb4aa5', '26ea2e4e-5a82-41c6-93be-a641134ef891', 'f3160e6a-6f8a-4682-a667-780c6b81b1be', 5, 899.0, 4495.0),
  ('865ff6fd-102b-4a49-98dc-fb352b274d2d', '0dd34227-4189-48bf-b87d-e3134aa26ce0', '00650df2-7c49-4f4b-90a1-aa132f0a92f1', 3, 3499.0, 10497.0),
  ('6f187c54-55dd-405e-83a8-ac6ad70aff0b', '0dd34227-4189-48bf-b87d-e3134aa26ce0', '9b6744b7-8a91-42e4-862d-309149e20430', 2, 549.0, 1098.0),
  ('d24ae635-9544-4801-8853-81fc57917f51', '0dd34227-4189-48bf-b87d-e3134aa26ce0', '9d483008-be58-4011-8f15-647780f16942', 3, 499.0, 1497.0),
  ('5eaa7aee-11f8-4cbd-8c0b-71865401b012', 'ff849333-4769-4983-8f84-8123f0a9d5c6', '126b9047-04df-434c-9ddd-f4876acab6e5', 2, 1250.0, 2500.0),
  ('114810ff-6408-45db-8b9d-bd34b1a88eea', 'ff849333-4769-4983-8f84-8123f0a9d5c6', 'f9235b2e-1f0c-413e-bc9e-aea32fff6762', 4, 1499.0, 5996.0),
  ('1f0012cd-23f1-458f-b3e5-cde1055e4301', 'ff849333-4769-4983-8f84-8123f0a9d5c6', '959750de-6b39-4006-9411-b458eaf6f66d', 1, 39.0, 39.0),
  ('5280a2d8-ccf5-46e1-9176-c79f2184e2b3', 'f254fd44-3585-4282-817f-e7c85548d9f4', 'f28b2846-a424-41b7-b331-6653b740900a', 4, 89.0, 356.0),
  ('a215ede8-436c-412f-a73a-cc2f56143ecd', 'f254fd44-3585-4282-817f-e7c85548d9f4', 'f2dc1854-9657-4043-bb26-d99a204bc39b', 1, 349.0, 349.0),
  ('c0a022e1-45a0-4595-851e-48a17f4fc4bc', 'f254fd44-3585-4282-817f-e7c85548d9f4', '126b9047-04df-434c-9ddd-f4876acab6e5', 1, 1250.0, 1250.0),
  ('ccc9bf35-8587-4041-abf5-8b458c2129cd', 'f254fd44-3585-4282-817f-e7c85548d9f4', 'c2e4a20b-7ef1-458c-81e5-6e91b36757dd', 4, 89.0, 356.0),
  ('65d73b0b-5179-430a-9a6d-13ac3f67f5c9', 'ba3eb3c7-321d-45c7-b9bb-16730176b1e9', '268757f1-3097-4a7e-b831-69ee684b3142', 3, 18.0, 54.0),
  ('96afc837-c800-414e-a077-d544682ed8b3', 'ba3eb3c7-321d-45c7-b9bb-16730176b1e9', '85204e31-5a68-4d0d-8861-73dd325e0186', 1, 1899.0, 1899.0),
  ('77e0448c-bbef-4ee9-9817-de388f3f5994', '326ae980-5522-4f55-a024-12320109af1b', 'd8b9de9a-7f19-454d-b8b4-db3565fa82fd', 5, 219.0, 1095.0),
  ('bd6c0c61-d3f2-480c-8769-36092ad2dced', '326ae980-5522-4f55-a024-12320109af1b', '43e09351-99c5-4d3b-b5da-85ba35b9b92c', 4, 159.0, 636.0),
  ('668ba6ff-a70e-448b-8620-1522003c1f2d', '326ae980-5522-4f55-a024-12320109af1b', '959750de-6b39-4006-9411-b458eaf6f66d', 3, 39.0, 117.0),
  ('a52472a5-cac1-4d55-88a9-ffb3cadc37f1', '326ae980-5522-4f55-a024-12320109af1b', '4a127c12-fa3a-4543-9b57-865c40b4354a', 5, 899.0, 4495.0),
  ('2d1e2e91-22ce-4e1b-b32e-09c3d75edc03', '6599d937-30d1-416d-b54a-c82a41816e97', 'c2e4a20b-7ef1-458c-81e5-6e91b36757dd', 1, 89.0, 89.0),
  ('c899d28c-bdee-491c-a117-f7720d1bf7d9', '6599d937-30d1-416d-b54a-c82a41816e97', '90eb2ddc-5d23-4e66-921f-f082675daff0', 2, 149.0, 298.0),
  ('5ebf3679-0780-4b4a-8a42-ad12d556d72e', '20f68bb6-6375-42e4-9fc3-f551d8867e03', 'dc083719-9699-45a8-8f79-361a63805145', 4, 54.0, 216.0),
  ('9f585f01-d3fb-4bfa-819a-b2bed6185440', 'e6747025-bce0-4967-a3e0-176f8d15fd3b', '89fd7868-9c42-4d01-acec-5076c9906529', 1, 129.0, 129.0),
  ('2bc552f3-8e42-4af2-b5d2-495b857145d7', 'e6747025-bce0-4967-a3e0-176f8d15fd3b', '4a127c12-fa3a-4543-9b57-865c40b4354a', 2, 899.0, 1798.0),
  ('2672e1a7-edba-49a0-83df-1c4ac900cac9', 'e6747025-bce0-4967-a3e0-176f8d15fd3b', 'd8b9de9a-7f19-454d-b8b4-db3565fa82fd', 3, 219.0, 657.0),
  ('e73b3e17-6d24-4820-b9bb-3d6323f68c80', '437b2245-07c0-47e2-a99c-74643d1d71f7', '43e09351-99c5-4d3b-b5da-85ba35b9b92c', 2, 159.0, 318.0),
  ('6e4ffb92-de17-45dd-9f7c-e32b0fb188b2', '437b2245-07c0-47e2-a99c-74643d1d71f7', 'c2e4a20b-7ef1-458c-81e5-6e91b36757dd', 1, 89.0, 89.0),
  ('b790225c-5a12-4163-b612-f0ecd3e19f22', '3e327101-444f-42a1-a7ee-360bd5989cd8', '00650df2-7c49-4f4b-90a1-aa132f0a92f1', 4, 3499.0, 13996.0),
  ('1a9b3d7e-f052-46f3-9229-1f796aaa50af', '3e327101-444f-42a1-a7ee-360bd5989cd8', 'd8b9de9a-7f19-454d-b8b4-db3565fa82fd', 3, 219.0, 657.0),
  ('f5238e41-1a02-497e-bd99-e3f9a4c23ff5', '3e327101-444f-42a1-a7ee-360bd5989cd8', '89fd7868-9c42-4d01-acec-5076c9906529', 5, 129.0, 645.0),
  ('edae6dc9-94d7-4fec-ab75-d415ba0a9bc1', '3e327101-444f-42a1-a7ee-360bd5989cd8', '959750de-6b39-4006-9411-b458eaf6f66d', 5, 39.0, 195.0),
  ('caf11016-0d4e-43a9-97f6-9efb454ec9e8', '5f675773-112f-4ac0-b18a-2fafff499511', 'f3160e6a-6f8a-4682-a667-780c6b81b1be', 1, 899.0, 899.0),
  ('53611b1e-324c-4369-8a09-670899a62e1d', '5f675773-112f-4ac0-b18a-2fafff499511', 'f28b2846-a424-41b7-b331-6653b740900a', 1, 89.0, 89.0),
  ('13651fb4-5964-4c35-add4-7b0909aa36dc', '5f675773-112f-4ac0-b18a-2fafff499511', '2676debc-5cb9-420b-a546-ce18d9511337', 2, 1099.0, 2198.0),
  ('496f23a7-acf7-4b56-8ec1-66b97c7800af', '5f675773-112f-4ac0-b18a-2fafff499511', 'c2e4a20b-7ef1-458c-81e5-6e91b36757dd', 5, 89.0, 445.0),
  ('5bfc4a43-65c9-433f-9962-13174a655d40', '45d17a94-c5a0-40da-a7bb-fd786258345f', '565b0007-25e7-4387-a2da-9ab123b297d4', 3, 199.0, 597.0),
  ('91441fbc-845e-4cf7-accf-49ebb6dab6bd', '45d17a94-c5a0-40da-a7bb-fd786258345f', '74417605-f630-4d0c-b000-16684f575eb5', 2, 649.0, 1298.0),
  ('f857251a-70e9-4799-85ca-07d866c37ff2', '45d17a94-c5a0-40da-a7bb-fd786258345f', 'd8b9de9a-7f19-454d-b8b4-db3565fa82fd', 5, 219.0, 1095.0),
  ('7bab19a3-86e6-4067-98b3-435ad5e0fafe', '45d17a94-c5a0-40da-a7bb-fd786258345f', '43e09351-99c5-4d3b-b5da-85ba35b9b92c', 4, 159.0, 636.0),
  ('05693ab5-65b0-4665-b706-a1b2317de79d', 'fe989725-176c-48d8-a489-6fb75dac929b', 'f28b2846-a424-41b7-b331-6653b740900a', 2, 89.0, 178.0),
  ('f4af8646-d57d-47d7-9bfc-c369d422f5bb', 'fe989725-176c-48d8-a489-6fb75dac929b', '90eb2ddc-5d23-4e66-921f-f082675daff0', 3, 149.0, 447.0),
  ('df2a49c3-2d15-4f3a-b3ca-e560d65d1de8', 'fe989725-176c-48d8-a489-6fb75dac929b', '00650df2-7c49-4f4b-90a1-aa132f0a92f1', 4, 3499.0, 13996.0),
  ('cb4aed98-c85f-49b0-82ee-8a208fb8275e', 'c1d552ef-ed43-4d4c-b4a0-d5efd7a39451', '583d5d84-aa1e-41a3-b36e-e7a021065362', 4, 2899.0, 11596.0),
  ('6f9a5aa7-6f5e-4954-ae40-b7eb220395c9', 'c1d552ef-ed43-4d4c-b4a0-d5efd7a39451', 'f28b2846-a424-41b7-b331-6653b740900a', 5, 89.0, 445.0),
  ('071242bb-708e-49e3-a328-89dda5cae1de', 'c1d552ef-ed43-4d4c-b4a0-d5efd7a39451', 'c2e4a20b-7ef1-458c-81e5-6e91b36757dd', 1, 89.0, 89.0),
  ('89aed972-94f1-406e-936b-149aa76dc057', 'c1d552ef-ed43-4d4c-b4a0-d5efd7a39451', '00650df2-7c49-4f4b-90a1-aa132f0a92f1', 5, 3499.0, 17495.0),
  ('4fb75751-eaed-4bb2-81fa-af18122f197c', 'eba89c4b-6c4b-4818-bb4c-988fdeede30c', '74417605-f630-4d0c-b000-16684f575eb5', 2, 649.0, 1298.0),
  ('d7f0ad17-f926-4f17-9ea0-4850cb676ed2', 'eba89c4b-6c4b-4818-bb4c-988fdeede30c', 'd8b9de9a-7f19-454d-b8b4-db3565fa82fd', 3, 219.0, 657.0),
  ('0c428063-d94e-4ad0-ae6f-cc6620ee4ca8', 'eba89c4b-6c4b-4818-bb4c-988fdeede30c', 'c01450fd-f183-4971-8bdc-070141711edf', 5, 12.0, 60.0),
  ('7949a1f8-90df-4e23-8ccc-5b0299548189', 'eba89c4b-6c4b-4818-bb4c-988fdeede30c', '126b9047-04df-434c-9ddd-f4876acab6e5', 2, 1250.0, 2500.0),
  ('d8af88b2-4ddb-46be-a00b-e4335e3d5998', 'bf874847-8664-4dc2-9fe6-032746ece575', '74417605-f630-4d0c-b000-16684f575eb5', 5, 649.0, 3245.0),
  ('78f28cbd-f894-4a87-9d50-b5d93f936dbd', '0dd16038-81f1-4a0f-b27c-70f7f3435156', '583d5d84-aa1e-41a3-b36e-e7a021065362', 1, 2899.0, 2899.0),
  ('e5126062-d679-45a8-98ad-ce00df722d6b', '0dd16038-81f1-4a0f-b27c-70f7f3435156', 'aa51c4ec-78b0-4c7f-8246-da01b7f0443c', 4, 429.0, 1716.0),
  ('4c279fb4-d66f-4626-9fb8-a9ffba1c2226', '0dd16038-81f1-4a0f-b27c-70f7f3435156', '9b6744b7-8a91-42e4-862d-309149e20430', 1, 549.0, 549.0),
  ('75412200-d2d3-481b-8589-0aa8f98600f9', '0dd16038-81f1-4a0f-b27c-70f7f3435156', '43e09351-99c5-4d3b-b5da-85ba35b9b92c', 2, 159.0, 318.0),
  ('561739dc-dc8d-4fe6-b051-438db56a2331', '57b6aeed-c244-4797-a453-5646cc2a91cb', 'b81b6024-a971-4520-957f-5b04f537bd76', 2, 349.0, 698.0),
  ('617a6787-74ff-4474-8dd2-e23fbd5e18a6', '57b6aeed-c244-4797-a453-5646cc2a91cb', 'aa51c4ec-78b0-4c7f-8246-da01b7f0443c', 4, 429.0, 1716.0),
  ('07fc3a43-e958-4d88-8873-3eb0608ba1a0', '57b6aeed-c244-4797-a453-5646cc2a91cb', 'd8b9de9a-7f19-454d-b8b4-db3565fa82fd', 2, 219.0, 438.0),
  ('4a16d01b-8023-4609-888c-3ecc3d3fec23', '57b6aeed-c244-4797-a453-5646cc2a91cb', 'f9235b2e-1f0c-413e-bc9e-aea32fff6762', 5, 1499.0, 7495.0),
  ('6ade2e83-e34f-460b-8c73-48ba7866680b', 'b381fcf5-4bba-43d8-a298-7cd288992ab8', '9b6744b7-8a91-42e4-862d-309149e20430', 3, 549.0, 1647.0),
  ('6a272cee-4997-417a-a146-7590ba00f979', 'b381fcf5-4bba-43d8-a298-7cd288992ab8', 'c80f2764-5ba1-4c8f-91c0-f20b6643a31e', 5, 4999.0, 24995.0),
  ('820a7d96-a51b-452f-b110-861c4b7763ef', 'b381fcf5-4bba-43d8-a298-7cd288992ab8', '959750de-6b39-4006-9411-b458eaf6f66d', 5, 39.0, 195.0),
  ('1899149f-a573-4098-a279-11e9448d6f24', '83ff0228-0736-424f-afce-3fa92eedb084', 'f28b2846-a424-41b7-b331-6653b740900a', 5, 89.0, 445.0),
  ('1212e434-a5a2-4752-bd94-c247cb9a9d1b', '83ff0228-0736-424f-afce-3fa92eedb084', 'f9235b2e-1f0c-413e-bc9e-aea32fff6762', 4, 1499.0, 5996.0),
  ('e71c3e38-785e-4291-8852-243cc4986496', '83ff0228-0736-424f-afce-3fa92eedb084', 'c01450fd-f183-4971-8bdc-070141711edf', 4, 12.0, 48.0),
  ('5f572f65-a8e9-4004-9d57-7de0b23b6ebd', '54ac59d0-eeb5-404b-afc9-6e8b53201f15', '4a127c12-fa3a-4543-9b57-865c40b4354a', 4, 899.0, 3596.0),
  ('0ee2f048-6c97-456b-bd9c-44f2dfbf8285', '54ac59d0-eeb5-404b-afc9-6e8b53201f15', 'c01450fd-f183-4971-8bdc-070141711edf', 1, 12.0, 12.0),
  ('557d90ed-89b0-4346-b378-c29fcc5cbf49', '70d0bfb7-d3e4-43f7-8a9a-b0b558007545', 'b81b6024-a971-4520-957f-5b04f537bd76', 2, 349.0, 698.0),
  ('3c5595a9-6d06-4ab0-9e1d-3aa3e24f5655', '70d0bfb7-d3e4-43f7-8a9a-b0b558007545', '126b9047-04df-434c-9ddd-f4876acab6e5', 5, 1250.0, 6250.0),
  ('56a6ae30-53bc-491a-aed3-2157119c6724', 'b0ca1d21-ae9b-4f51-8959-9212ccf5d17e', 'f3160e6a-6f8a-4682-a667-780c6b81b1be', 2, 899.0, 1798.0),
  ('d161ae0e-5eae-4d3d-ac53-5827b7ead35d', '5f349cad-3349-4431-9aa6-25e30f3185c4', '2676debc-5cb9-420b-a546-ce18d9511337', 1, 1099.0, 1099.0),
  ('5120d85b-b843-48d6-aca8-fbd05541c09c', '5f349cad-3349-4431-9aa6-25e30f3185c4', '89fd7868-9c42-4d01-acec-5076c9906529', 3, 129.0, 387.0),
  ('16b52b1a-abb5-4609-a0f1-13ddb68b4508', '5f349cad-3349-4431-9aa6-25e30f3185c4', '31db4f21-41de-489c-9307-2f96e4e03139', 5, 29.0, 145.0),
  ('06a9afad-9382-49c1-81a3-b181dc814066', '846c95ce-70b7-4a04-87b7-2ae23ed2967f', 'aa51c4ec-78b0-4c7f-8246-da01b7f0443c', 3, 429.0, 1287.0),
  ('4714fa8a-edae-4443-a1fb-1b6f71f8109f', 'b0e93147-5477-4c65-a9fa-7006194c8ba9', 'f2dc1854-9657-4043-bb26-d99a204bc39b', 1, 349.0, 349.0),
  ('509ea018-aaa1-4692-bf95-1e33f0e8c083', 'b0e93147-5477-4c65-a9fa-7006194c8ba9', '89fd7868-9c42-4d01-acec-5076c9906529', 1, 129.0, 129.0),
  ('234ffc7c-42dc-4a29-b2e6-0f47077b81e2', 'b0e93147-5477-4c65-a9fa-7006194c8ba9', '959750de-6b39-4006-9411-b458eaf6f66d', 3, 39.0, 117.0),
  ('9e7b573d-3587-4f1a-a18e-f191b3fb89d4', 'b0e93147-5477-4c65-a9fa-7006194c8ba9', 'ba943a01-def2-4ab3-857d-8aa0a0f6c863', 1, 649.0, 649.0),
  ('500b7b06-7033-468b-a0a7-3a7e2702c33b', 'cf955409-2616-4909-a00c-2fdced5baf6f', '565b0007-25e7-4387-a2da-9ab123b297d4', 5, 199.0, 995.0),
  ('0006f5f6-f606-4bfd-8935-4cc1163fa595', 'cf955409-2616-4909-a00c-2fdced5baf6f', 'dc083719-9699-45a8-8f79-361a63805145', 2, 54.0, 108.0),
  ('798443a1-bd13-4e16-a04b-bf11df4044c4', 'a19a40d9-0981-42bc-8f1c-8680c4d0e6d4', 'b81b6024-a971-4520-957f-5b04f537bd76', 5, 349.0, 1745.0),
  ('07d0e598-68cb-486a-994a-f73208a6511f', 'a19a40d9-0981-42bc-8f1c-8680c4d0e6d4', '43e09351-99c5-4d3b-b5da-85ba35b9b92c', 2, 159.0, 318.0),
  ('07df6095-a980-4398-ab51-c3141629f010', '2e92aae6-a035-40c4-88e1-2d12036bfc04', '90eb2ddc-5d23-4e66-921f-f082675daff0', 4, 149.0, 596.0),
  ('69d0de56-7af4-4c8d-89e1-a2be5204a451', '2e92aae6-a035-40c4-88e1-2d12036bfc04', 'c80f2764-5ba1-4c8f-91c0-f20b6643a31e', 3, 4999.0, 14997.0),
  ('be8c8a7d-0e5f-4e13-b389-9499ad1b6fca', '2e92aae6-a035-40c4-88e1-2d12036bfc04', 'ba943a01-def2-4ab3-857d-8aa0a0f6c863', 5, 649.0, 3245.0),
  ('acab506e-9183-456f-9f88-1eb2ddbe6e12', 'ae7a55ef-c855-466a-adfb-abcb3d062d73', '89fd7868-9c42-4d01-acec-5076c9906529', 3, 129.0, 387.0),
  ('4b655bf7-da42-4ca8-8c15-bd5e692ff16b', 'ae7a55ef-c855-466a-adfb-abcb3d062d73', 'c2e4a20b-7ef1-458c-81e5-6e91b36757dd', 2, 89.0, 178.0),
  ('98d1b370-d9a5-4eaf-ad44-4a007685532a', 'ae7a55ef-c855-466a-adfb-abcb3d062d73', 'd8b9de9a-7f19-454d-b8b4-db3565fa82fd', 4, 219.0, 876.0),
  ('78019715-4aa3-4ab9-97b5-5a3fee09392c', 'ae7a55ef-c855-466a-adfb-abcb3d062d73', '4a127c12-fa3a-4543-9b57-865c40b4354a', 4, 899.0, 3596.0),
  ('9d8ef0e1-c4f9-4e3a-b223-7721fb211882', '40b42d07-15c5-4ff3-b6f4-e61839eb60e4', '89fd7868-9c42-4d01-acec-5076c9906529', 4, 129.0, 516.0),
  ('30e72d8d-bc4f-4299-8a9c-fcbafbb7d040', '40b42d07-15c5-4ff3-b6f4-e61839eb60e4', '959750de-6b39-4006-9411-b458eaf6f66d', 3, 39.0, 117.0),
  ('778d86d6-7a81-4e4e-9d24-594e6fba5b53', '40b42d07-15c5-4ff3-b6f4-e61839eb60e4', 'c80f2764-5ba1-4c8f-91c0-f20b6643a31e', 1, 4999.0, 4999.0),
  ('e62bd7a4-ee08-4885-a761-b0d886ce1ec3', 'c75f0eb3-380a-46e0-95d1-e5dfba843e7a', '2676debc-5cb9-420b-a546-ce18d9511337', 3, 1099.0, 3297.0),
  ('6ecb59ac-d842-4cfd-a4db-750fa1019adb', 'c75f0eb3-380a-46e0-95d1-e5dfba843e7a', '268757f1-3097-4a7e-b831-69ee684b3142', 2, 18.0, 36.0),
  ('d1bf64eb-a49f-43f7-a36b-735647e2b60d', 'e6c235c7-c7d6-439d-aebc-5b5087228b9d', '959750de-6b39-4006-9411-b458eaf6f66d', 4, 39.0, 156.0),
  ('6746464f-6dea-4384-b590-51f71566ca1b', '4b18273e-4066-49e4-bc9d-e43ff449ac4d', 'f28b2846-a424-41b7-b331-6653b740900a', 2, 89.0, 178.0),
  ('ca23f38b-697b-46fe-b17d-5686d010da9c', '4b18273e-4066-49e4-bc9d-e43ff449ac4d', 'f3160e6a-6f8a-4682-a667-780c6b81b1be', 2, 899.0, 1798.0),
  ('94206d7a-4322-4bc7-b414-854e702fdcc0', '4b18273e-4066-49e4-bc9d-e43ff449ac4d', 'dc083719-9699-45a8-8f79-361a63805145', 2, 54.0, 108.0),
  ('94a5246b-a4b0-424f-a193-f6b7bf45560c', 'de78a4d2-6c67-4e04-b6d0-e5b1f3b17027', '43e09351-99c5-4d3b-b5da-85ba35b9b92c', 3, 159.0, 477.0),
  ('40033765-9c4f-4ec7-8698-40a2fc1f2717', 'de78a4d2-6c67-4e04-b6d0-e5b1f3b17027', '9b6744b7-8a91-42e4-862d-309149e20430', 3, 549.0, 1647.0),
  ('c5869e0c-a422-44d2-9d0b-bc9a57d7322a', 'de78a4d2-6c67-4e04-b6d0-e5b1f3b17027', 'b81b6024-a971-4520-957f-5b04f537bd76', 1, 349.0, 349.0),
  ('419c0368-479f-4a82-95a8-6669e4e17569', 'f7fcb0b8-bcf2-4605-8996-e83a9513de76', '583d5d84-aa1e-41a3-b36e-e7a021065362', 1, 2899.0, 2899.0),
  ('f282ca5c-475b-4f5d-ad90-749bb7b282eb', 'f7fcb0b8-bcf2-4605-8996-e83a9513de76', '268757f1-3097-4a7e-b831-69ee684b3142', 3, 18.0, 54.0),
  ('ec573b33-bfff-4f80-8cbd-d44b5aa27540', 'f7fcb0b8-bcf2-4605-8996-e83a9513de76', '31db4f21-41de-489c-9307-2f96e4e03139', 5, 29.0, 145.0),
  ('7fdb3c83-b1a6-4597-b303-3aa0d7267967', '0edabddd-d1f5-48fe-b073-dfa8f18e64d9', '00650df2-7c49-4f4b-90a1-aa132f0a92f1', 4, 3499.0, 13996.0),
  ('35c0549e-e89a-4462-bbb8-51b16e02754b', '0edabddd-d1f5-48fe-b073-dfa8f18e64d9', '90eb2ddc-5d23-4e66-921f-f082675daff0', 1, 149.0, 149.0),
  ('15948110-fbf6-4a64-aa7b-ca0baa0c4567', '0edabddd-d1f5-48fe-b073-dfa8f18e64d9', 'aa51c4ec-78b0-4c7f-8246-da01b7f0443c', 5, 429.0, 2145.0),
  ('d6c6181e-942e-477a-8304-6909bde0bcc5', 'cf435316-0d76-4f56-9fe8-d9e1b479a882', '74417605-f630-4d0c-b000-16684f575eb5', 2, 649.0, 1298.0),
  ('54007659-6526-4062-8fae-71cc96bf2384', 'cf435316-0d76-4f56-9fe8-d9e1b479a882', 'dc083719-9699-45a8-8f79-361a63805145', 1, 54.0, 54.0),
  ('ce584f57-b8fe-4af7-8e31-4139d8ccb366', 'cf435316-0d76-4f56-9fe8-d9e1b479a882', '00650df2-7c49-4f4b-90a1-aa132f0a92f1', 1, 3499.0, 3499.0),
  ('5f583df8-5202-46ec-9ab7-6a13b80d968b', '013887cd-9825-4fb4-b839-430ce49290e4', '31db4f21-41de-489c-9307-2f96e4e03139', 3, 29.0, 87.0),
  ('289b235f-cf9d-45d7-a2ce-5a80397cc538', '013887cd-9825-4fb4-b839-430ce49290e4', 'd8b9de9a-7f19-454d-b8b4-db3565fa82fd', 5, 219.0, 1095.0),
  ('7fae6f8a-95e5-4e1f-9818-2ae8c6a99c06', '0e31f160-1ba7-43c0-bf7c-ae3f48a2f15e', '9b6744b7-8a91-42e4-862d-309149e20430', 4, 549.0, 2196.0),
  ('9ef60f06-1b53-406d-a7c2-dc5dc5aaf864', 'fa986f04-e3f3-4436-85fa-6cff63bcf736', 'd8b9de9a-7f19-454d-b8b4-db3565fa82fd', 1, 219.0, 219.0),
  ('19fa4504-1b3f-42a4-9875-57bac70af8e7', 'fa986f04-e3f3-4436-85fa-6cff63bcf736', 'aa51c4ec-78b0-4c7f-8246-da01b7f0443c', 3, 429.0, 1287.0),
  ('f2be8479-b4bf-47ac-8bd7-746f0e67394b', 'fa986f04-e3f3-4436-85fa-6cff63bcf736', '4a127c12-fa3a-4543-9b57-865c40b4354a', 5, 899.0, 4495.0),
  ('0e226849-6975-410c-add0-2d821a582f97', 'fa986f04-e3f3-4436-85fa-6cff63bcf736', '35026cca-33eb-4599-84bf-dc886a345497', 3, 79.0, 237.0),
  ('fd452a8e-09b6-4f4d-ac1a-2833b3d351ef', '4aab3146-1232-48e5-bd49-2be47592173d', '583d5d84-aa1e-41a3-b36e-e7a021065362', 5, 2899.0, 14495.0),
  ('52a2b197-92be-4cf2-bfb3-20799d7a88f6', '4aab3146-1232-48e5-bd49-2be47592173d', '90eb2ddc-5d23-4e66-921f-f082675daff0', 1, 149.0, 149.0),
  ('3b125e07-187d-4105-9d9d-0199488b67dc', '4aab3146-1232-48e5-bd49-2be47592173d', '9d483008-be58-4011-8f15-647780f16942', 1, 499.0, 499.0),
  ('f7c818bd-25eb-43e7-9ae0-dce412dd4dd7', '4aab3146-1232-48e5-bd49-2be47592173d', '74417605-f630-4d0c-b000-16684f575eb5', 3, 649.0, 1947.0),
  ('fccb7edd-297d-4e76-a11e-50fab1548cb6', 'ddea6a5d-e4f0-42a7-906a-5ee93a551483', '9b6744b7-8a91-42e4-862d-309149e20430', 5, 549.0, 2745.0),
  ('d47c62a6-6669-4ace-a3ca-8a38ea8b777b', '06801e82-2abb-4207-9f68-b0ded9be9b69', '268757f1-3097-4a7e-b831-69ee684b3142', 5, 18.0, 90.0),
  ('e14e4a8b-ac11-4bc7-8bf5-021f49b886e6', '06801e82-2abb-4207-9f68-b0ded9be9b69', 'ba943a01-def2-4ab3-857d-8aa0a0f6c863', 1, 649.0, 649.0),
  ('50823821-85b5-4c79-abf0-2846ba6446d8', 'f3f6ddc3-5432-420f-8b40-4494be055db0', '00650df2-7c49-4f4b-90a1-aa132f0a92f1', 1, 3499.0, 3499.0),
  ('c19fb657-3064-416e-b3d0-fa195199ab06', 'f3f6ddc3-5432-420f-8b40-4494be055db0', '90eb2ddc-5d23-4e66-921f-f082675daff0', 2, 149.0, 298.0),
  ('d83f0ab0-1554-4fcb-a8b3-b1764e3f70ba', '91f10c59-ceaa-45c9-b094-ef81de49f985', 'f2dc1854-9657-4043-bb26-d99a204bc39b', 3, 349.0, 1047.0),
  ('bf2c6d85-f85b-4fe6-8262-c0d3b16028d6', '5cd19a06-0a1e-4d1d-b0e8-3e47fbf7add0', 'b81b6024-a971-4520-957f-5b04f537bd76', 4, 349.0, 1396.0),
  ('5aac896e-1467-4db7-997c-716a7510dea0', 'b2c71f71-c30e-4b4b-8929-b3a6a1c633a8', '2676debc-5cb9-420b-a546-ce18d9511337', 5, 1099.0, 5495.0),
  ('ff1ae872-ea4a-4ebe-90a6-c922ad1aea3c', 'b2c71f71-c30e-4b4b-8929-b3a6a1c633a8', '126b9047-04df-434c-9ddd-f4876acab6e5', 3, 1250.0, 3750.0),
  ('94ed004d-1565-497e-ab84-4964e713301b', '445aafe3-7ea0-48b6-aeec-d28ff1a53449', '90eb2ddc-5d23-4e66-921f-f082675daff0', 4, 149.0, 596.0),
  ('da7b22ef-c8cd-4bcb-ac00-cb34667cd1ed', '445aafe3-7ea0-48b6-aeec-d28ff1a53449', '00650df2-7c49-4f4b-90a1-aa132f0a92f1', 1, 3499.0, 3499.0),
  ('b6b0366b-1ea1-44a0-9885-c3905a5ee92f', '445aafe3-7ea0-48b6-aeec-d28ff1a53449', 'b81b6024-a971-4520-957f-5b04f537bd76', 1, 349.0, 349.0),
  ('84889568-451f-4f8c-8026-a2be28f985cb', '445aafe3-7ea0-48b6-aeec-d28ff1a53449', '89fd7868-9c42-4d01-acec-5076c9906529', 3, 129.0, 387.0),
  ('f7fe0c03-42e5-443b-9439-18acca805f6e', 'd27e3bb5-9ba4-4cf6-b1f1-4b856ff4b6e1', '2676debc-5cb9-420b-a546-ce18d9511337', 5, 1099.0, 5495.0),
  ('879a0546-07e1-44c6-a21f-bcc3df2c6111', 'd27e3bb5-9ba4-4cf6-b1f1-4b856ff4b6e1', '565b0007-25e7-4387-a2da-9ab123b297d4', 5, 199.0, 995.0),
  ('547f3572-92bc-42c8-9357-b8b684bbcf99', 'd27e3bb5-9ba4-4cf6-b1f1-4b856ff4b6e1', '959750de-6b39-4006-9411-b458eaf6f66d', 4, 39.0, 156.0),
  ('116816e7-0c22-4518-968d-fa545ec220b5', 'd27e3bb5-9ba4-4cf6-b1f1-4b856ff4b6e1', 'd8b9de9a-7f19-454d-b8b4-db3565fa82fd', 1, 219.0, 219.0),
  ('a574579a-2941-4276-be1f-6ca7cbd399c1', '2ee4dcf7-c435-4d3e-be23-e9885d8d7236', 'ba943a01-def2-4ab3-857d-8aa0a0f6c863', 4, 649.0, 2596.0),
  ('eafe3eb7-dfab-46de-b783-db4eec23afe0', '2ee4dcf7-c435-4d3e-be23-e9885d8d7236', 'aa51c4ec-78b0-4c7f-8246-da01b7f0443c', 4, 429.0, 1716.0),
  ('f57a78b8-45dc-493a-a66c-88a63796d0e7', '2ee4dcf7-c435-4d3e-be23-e9885d8d7236', 'dc083719-9699-45a8-8f79-361a63805145', 4, 54.0, 216.0),
  ('d5891fd1-d29a-4926-a7e7-326d06d6fd20', '2ee4dcf7-c435-4d3e-be23-e9885d8d7236', 'f28b2846-a424-41b7-b331-6653b740900a', 1, 89.0, 89.0),
  ('f19d48b6-bd3b-4746-b894-abd4a3453b8e', '071691ff-eed5-4f81-8fa0-f71bca30709c', '90eb2ddc-5d23-4e66-921f-f082675daff0', 4, 149.0, 596.0),
  ('b8db7f12-77f9-400d-8087-1ca8bda6d764', '071691ff-eed5-4f81-8fa0-f71bca30709c', '43e09351-99c5-4d3b-b5da-85ba35b9b92c', 1, 159.0, 159.0),
  ('fef8fbf3-fa3b-4df0-97d7-adcfdb0c31d5', '353a7a2a-3169-4d81-8512-0115f04eae5a', '268757f1-3097-4a7e-b831-69ee684b3142', 1, 18.0, 18.0),
  ('ab547ccd-094e-472b-bb8a-d9e5cf0b4ed0', '353a7a2a-3169-4d81-8512-0115f04eae5a', 'f4dd0db5-ad60-4a5a-ad53-b0d592d75697', 5, 899.0, 4495.0),
  ('9c45c140-ce2b-4986-9171-d305015ece9b', '353a7a2a-3169-4d81-8512-0115f04eae5a', 'f9235b2e-1f0c-413e-bc9e-aea32fff6762', 5, 1499.0, 7495.0),
  ('bdc0029d-e781-48b5-ac87-8284b99d83d1', '06adbfdb-9c08-499c-a0a6-2a7b7a951596', '959750de-6b39-4006-9411-b458eaf6f66d', 5, 39.0, 195.0),
  ('e0cf4003-7e64-4937-9c8b-178a757c7a9e', 'c1150c55-5446-48b0-bcc3-ea8d9e80123c', '90eb2ddc-5d23-4e66-921f-f082675daff0', 2, 149.0, 298.0),
  ('889802df-4e04-4249-9e11-b8afad5f9f62', 'c1150c55-5446-48b0-bcc3-ea8d9e80123c', 'b81b6024-a971-4520-957f-5b04f537bd76', 1, 349.0, 349.0),
  ('a2ac1572-2934-4002-8e24-32ef73183af5', 'c589c9bb-6919-4d28-b6df-f5b54a71fd13', '268757f1-3097-4a7e-b831-69ee684b3142', 5, 18.0, 90.0),
  ('dc4ce440-51e5-4714-98ed-1f266adb8c09', 'c589c9bb-6919-4d28-b6df-f5b54a71fd13', 'dc083719-9699-45a8-8f79-361a63805145', 5, 54.0, 270.0),
  ('972ef2cd-ea81-421c-b567-2af83890f8ad', '549084f0-2654-4bc8-867c-ad2f528c4fbe', 'c2e4a20b-7ef1-458c-81e5-6e91b36757dd', 3, 89.0, 267.0),
  ('7a1cacdb-6f49-4a9e-b512-4c8d78396b79', '549084f0-2654-4bc8-867c-ad2f528c4fbe', '89fd7868-9c42-4d01-acec-5076c9906529', 3, 129.0, 387.0),
  ('841c107c-e45d-4e06-8544-b6756ba58d0c', '468f001e-c07c-4a22-b014-f81e276f5c59', 'f4dd0db5-ad60-4a5a-ad53-b0d592d75697', 1, 899.0, 899.0),
  ('0c6a8580-55f5-4826-bb4d-ff2105ed8c28', '7794a09f-85ba-4844-9657-6e119b1cf41b', 'f28b2846-a424-41b7-b331-6653b740900a', 3, 89.0, 267.0),
  ('0211fc26-5751-4374-b673-8d1f54e2895b', '7794a09f-85ba-4844-9657-6e119b1cf41b', 'f2dc1854-9657-4043-bb26-d99a204bc39b', 5, 349.0, 1745.0),
  ('36abb6a2-59f3-4b72-b992-d9a228987323', '7794a09f-85ba-4844-9657-6e119b1cf41b', '35026cca-33eb-4599-84bf-dc886a345497', 5, 79.0, 395.0),
  ('b0f3ece3-efdc-4c98-b2d7-d0034199b4e7', '7794a09f-85ba-4844-9657-6e119b1cf41b', '959750de-6b39-4006-9411-b458eaf6f66d', 1, 39.0, 39.0),
  ('e95bc232-0d66-4c9f-82d0-23be953cb8f5', 'bb67b1e9-4be4-41a8-b6a5-647e684eff42', 'c2e4a20b-7ef1-458c-81e5-6e91b36757dd', 4, 89.0, 356.0),
  ('876153ff-1d59-4552-a29f-b53462fba379', '0b3f82be-2e34-420d-9005-f4d18b4ec277', '9d483008-be58-4011-8f15-647780f16942', 1, 499.0, 499.0),
  ('46090674-9500-446a-8f67-65bf3a410400', '0b3f82be-2e34-420d-9005-f4d18b4ec277', 'c01450fd-f183-4971-8bdc-070141711edf', 3, 12.0, 36.0),
  ('2dc8c859-9e26-44c3-857f-e788308c052e', '0b3f82be-2e34-420d-9005-f4d18b4ec277', '565b0007-25e7-4387-a2da-9ab123b297d4', 4, 199.0, 796.0),
  ('bffb1889-6613-42cc-a983-e8700ccbb81c', '0bd4980f-e8b2-4bd9-89f2-fe61b6efb27c', '126b9047-04df-434c-9ddd-f4876acab6e5', 5, 1250.0, 6250.0),
  ('d47e0e67-358a-449f-a178-438feb864dd8', '0bd4980f-e8b2-4bd9-89f2-fe61b6efb27c', 'aa51c4ec-78b0-4c7f-8246-da01b7f0443c', 1, 429.0, 429.0),
  ('4adb297d-fdb2-46f1-9910-85d58567f8ea', '0bd4980f-e8b2-4bd9-89f2-fe61b6efb27c', '31db4f21-41de-489c-9307-2f96e4e03139', 1, 29.0, 29.0),
  ('ecf5c8e8-70d4-4565-9352-f2563fb06b3d', '26e78f13-6ddb-4607-98b1-ca198d2b65ea', 'f28b2846-a424-41b7-b331-6653b740900a', 4, 89.0, 356.0),
  ('192c8fdd-e4aa-474c-8aa7-45f2d463d90d', '26e78f13-6ddb-4607-98b1-ca198d2b65ea', '00650df2-7c49-4f4b-90a1-aa132f0a92f1', 4, 3499.0, 13996.0),
  ('34da6937-b134-4534-b0dc-ed6b677c1831', '26e78f13-6ddb-4607-98b1-ca198d2b65ea', 'c80f2764-5ba1-4c8f-91c0-f20b6643a31e', 2, 4999.0, 9998.0),
  ('e7c23b7d-f3a3-4fbb-bb5f-3da3138093cf', '3e352343-3a68-4b0c-a0d9-c7224813e323', '31db4f21-41de-489c-9307-2f96e4e03139', 1, 29.0, 29.0),
  ('95ee0ad6-efb4-4690-b33f-bb6bd47f3ad4', 'f7447330-458e-4ea0-95d7-02aa96c59c73', '85204e31-5a68-4d0d-8861-73dd325e0186', 4, 1899.0, 7596.0),
  ('a90ae8cb-419c-4ab8-acd9-f68143377b42', 'f7447330-458e-4ea0-95d7-02aa96c59c73', '31db4f21-41de-489c-9307-2f96e4e03139', 3, 29.0, 87.0),
  ('73a2ca22-381f-42af-a08e-675affdf46a7', 'f7447330-458e-4ea0-95d7-02aa96c59c73', '89fd7868-9c42-4d01-acec-5076c9906529', 1, 129.0, 129.0),
  ('7157191a-fe7b-4e00-b09f-0688eedec864', 'f7447330-458e-4ea0-95d7-02aa96c59c73', '74417605-f630-4d0c-b000-16684f575eb5', 4, 649.0, 2596.0),
  ('36460186-d4ea-4fcd-b501-475d8a4f2688', '91e449aa-d9d3-421a-8dbf-4b7d62ca554f', '583d5d84-aa1e-41a3-b36e-e7a021065362', 1, 2899.0, 2899.0),
  ('249a3695-26fa-4904-944e-463d51699123', '91e449aa-d9d3-421a-8dbf-4b7d62ca554f', 'dc083719-9699-45a8-8f79-361a63805145', 2, 54.0, 108.0),
  ('cb941587-362d-4e18-bf42-d6a33b287837', '91e449aa-d9d3-421a-8dbf-4b7d62ca554f', '4a127c12-fa3a-4543-9b57-865c40b4354a', 4, 899.0, 3596.0),
  ('d45965fc-dc85-4c59-9709-9beb6ed89236', '36ce9790-c336-48c8-bbc1-715665c8f120', 'aa51c4ec-78b0-4c7f-8246-da01b7f0443c', 2, 429.0, 858.0),
  ('92120b1c-7443-472e-bb87-8f4b11947100', '36ce9790-c336-48c8-bbc1-715665c8f120', 'f28b2846-a424-41b7-b331-6653b740900a', 1, 89.0, 89.0),
  ('1634d26b-72a5-48f4-97a5-634e861d6e51', '36ce9790-c336-48c8-bbc1-715665c8f120', 'c01450fd-f183-4971-8bdc-070141711edf', 5, 12.0, 60.0),
  ('a681abd8-8c3b-4558-92f2-93b3ac2af9c0', '5031977f-8ab7-4890-a424-813e6b448074', 'f3160e6a-6f8a-4682-a667-780c6b81b1be', 2, 899.0, 1798.0),
  ('924055ce-de87-4b63-9f4d-0ee0763d3e27', '5031977f-8ab7-4890-a424-813e6b448074', '9b6744b7-8a91-42e4-862d-309149e20430', 2, 549.0, 1098.0),
  ('83167f37-3878-45fd-b0a0-2c31676a46d3', '5031977f-8ab7-4890-a424-813e6b448074', '74417605-f630-4d0c-b000-16684f575eb5', 1, 649.0, 649.0),
  ('7cceb06a-717f-4101-adb8-4ce702639143', 'a1670d0b-028d-48f8-b33d-df31900ab546', 'f2dc1854-9657-4043-bb26-d99a204bc39b', 4, 349.0, 1396.0),
  ('906687ce-5239-4ffd-b949-67fc14bf0b3b', '244fc235-e710-4073-947c-3f9430e45deb', '4a127c12-fa3a-4543-9b57-865c40b4354a', 2, 899.0, 1798.0),
  ('32b92dac-3af7-423c-baf2-3fe5850644e5', '244fc235-e710-4073-947c-3f9430e45deb', '74417605-f630-4d0c-b000-16684f575eb5', 4, 649.0, 2596.0),
  ('1c721a98-b1f8-4a21-a028-cd62ccfbda07', '244fc235-e710-4073-947c-3f9430e45deb', 'f28b2846-a424-41b7-b331-6653b740900a', 1, 89.0, 89.0),
  ('128af0aa-1906-45f1-b00f-278220748571', 'c26b3d10-6ed9-47d7-afd8-fa7c9684c3f9', '35026cca-33eb-4599-84bf-dc886a345497', 5, 79.0, 395.0),
  ('d259583d-5fbd-49c2-a39e-f0ad9572c7bc', '0550a135-a0d9-4b8b-b66c-27817d48cbb3', '35026cca-33eb-4599-84bf-dc886a345497', 3, 79.0, 237.0),
  ('a4ab2e2b-f4ef-4abb-b9fe-d8194947a4f2', 'fdfc9eab-ca20-48f2-b4e4-e5878b0cee1e', '85204e31-5a68-4d0d-8861-73dd325e0186', 1, 1899.0, 1899.0),
  ('bd0e0d29-ecb9-445e-bcc1-b82ca84c5e9b', 'fdfc9eab-ca20-48f2-b4e4-e5878b0cee1e', 'f9235b2e-1f0c-413e-bc9e-aea32fff6762', 4, 1499.0, 5996.0),
  ('da6f1311-b659-47f6-8331-57a45d1c59e3', 'fdfc9eab-ca20-48f2-b4e4-e5878b0cee1e', '268757f1-3097-4a7e-b831-69ee684b3142', 5, 18.0, 90.0),
  ('f284d5f0-f553-4187-8895-9328854cd797', 'fdfc9eab-ca20-48f2-b4e4-e5878b0cee1e', 'f3160e6a-6f8a-4682-a667-780c6b81b1be', 2, 899.0, 1798.0),
  ('3779fa5e-9c3d-4fb4-8b30-8db604b37138', '11aba2f1-73c1-472c-b500-de51c6521ddb', 'd8b9de9a-7f19-454d-b8b4-db3565fa82fd', 1, 219.0, 219.0),
  ('fded946e-c95a-455e-aeff-8971afda2ef7', '33b4d10b-ad56-4533-ae9d-02369681feef', '89fd7868-9c42-4d01-acec-5076c9906529', 4, 129.0, 516.0),
  ('9aa8690c-8d37-4c23-96bc-26cd326a2ae7', '33b4d10b-ad56-4533-ae9d-02369681feef', 'd8b9de9a-7f19-454d-b8b4-db3565fa82fd', 5, 219.0, 1095.0),
  ('40a26f26-9fb1-4e7a-82c1-9dff71175a95', 'ab23d99e-7ab0-4721-bc4f-0532b9f2f65e', 'c01450fd-f183-4971-8bdc-070141711edf', 1, 12.0, 12.0),
  ('f9847c83-1e6d-4f75-bc0e-963871b34b17', 'ab23d99e-7ab0-4721-bc4f-0532b9f2f65e', 'f28b2846-a424-41b7-b331-6653b740900a', 3, 89.0, 267.0),
  ('8655dda3-86a1-445a-9c74-0e899c5af8cb', 'ab23d99e-7ab0-4721-bc4f-0532b9f2f65e', '90eb2ddc-5d23-4e66-921f-f082675daff0', 1, 149.0, 149.0),
  ('d0ced711-2d91-4dd8-b26b-de0964a11cc8', 'ab23d99e-7ab0-4721-bc4f-0532b9f2f65e', '2676debc-5cb9-420b-a546-ce18d9511337', 3, 1099.0, 3297.0),
  ('5ee8dc72-16c8-4990-9c40-8b8c386b6979', '3e2c2d70-228c-479a-bb7f-1bd16808e27a', 'f3160e6a-6f8a-4682-a667-780c6b81b1be', 5, 899.0, 4495.0),
  ('d3933616-1cef-4221-ab50-35c498de3857', '3e2c2d70-228c-479a-bb7f-1bd16808e27a', '4a127c12-fa3a-4543-9b57-865c40b4354a', 2, 899.0, 1798.0),
  ('ec5d2b16-f163-4bc9-86a9-b9a5f47a1188', '3e2c2d70-228c-479a-bb7f-1bd16808e27a', '90eb2ddc-5d23-4e66-921f-f082675daff0', 3, 149.0, 447.0),
  ('9fb08c1a-15e1-48fa-a381-43271054b8f8', '31fec877-0be8-4d26-9981-d7368845f377', '74417605-f630-4d0c-b000-16684f575eb5', 4, 649.0, 2596.0),
  ('ff26d260-e56a-451c-9dbe-5f679e4f2fe5', '31fec877-0be8-4d26-9981-d7368845f377', '89fd7868-9c42-4d01-acec-5076c9906529', 2, 129.0, 258.0),
  ('e2021fa8-3d00-46aa-8734-52716e905472', '31fec877-0be8-4d26-9981-d7368845f377', '90eb2ddc-5d23-4e66-921f-f082675daff0', 5, 149.0, 745.0),
  ('a30633dc-9065-4912-9e76-d4c13e58fd28', 'e458ed6b-fc70-4ee0-a7f5-43505009e497', '90eb2ddc-5d23-4e66-921f-f082675daff0', 5, 149.0, 745.0),
  ('3f6ec38b-b5a8-413c-94d6-4006e458cb5a', 'e458ed6b-fc70-4ee0-a7f5-43505009e497', '89fd7868-9c42-4d01-acec-5076c9906529', 1, 129.0, 129.0),
  ('7cdd930a-08b3-48e9-ad56-d7c74a95a618', 'e9b88f0f-1ed3-494e-ae21-cb8b067a6524', 'f2dc1854-9657-4043-bb26-d99a204bc39b', 4, 349.0, 1396.0),
  ('63edbea8-90c9-41b6-8e8f-23227e97607a', 'e9b88f0f-1ed3-494e-ae21-cb8b067a6524', '9d483008-be58-4011-8f15-647780f16942', 2, 499.0, 998.0),
  ('17b17a60-4016-4ac0-bf8e-11d80491ad43', 'e9b88f0f-1ed3-494e-ae21-cb8b067a6524', 'f28b2846-a424-41b7-b331-6653b740900a', 2, 89.0, 178.0),
  ('527d76f1-b94b-43e8-996b-c3e5bee2faa7', '0c263dff-9dfc-4719-9701-2e5a52f9b6be', '90eb2ddc-5d23-4e66-921f-f082675daff0', 3, 149.0, 447.0),
  ('bd4ce3d3-8848-42a3-bf5b-e4f819a044ff', 'd0bbf3db-ff94-4356-81c2-6eecf7a9e251', '9b6744b7-8a91-42e4-862d-309149e20430', 5, 549.0, 2745.0),
  ('020f5a83-5607-4448-b786-799d155dcc53', 'd0bbf3db-ff94-4356-81c2-6eecf7a9e251', '89fd7868-9c42-4d01-acec-5076c9906529', 2, 129.0, 258.0),
  ('f8a9ec04-75fb-4fa6-bf72-12d468e612b8', '3772af7f-08cd-4f56-a88e-f4c009f3e23a', '2676debc-5cb9-420b-a546-ce18d9511337', 4, 1099.0, 4396.0),
  ('da5cb868-5e6a-4dac-9d94-eafa2c6f0b81', '3772af7f-08cd-4f56-a88e-f4c009f3e23a', '959750de-6b39-4006-9411-b458eaf6f66d', 2, 39.0, 78.0),
  ('d9fcb909-f8f7-4959-a98b-402e29b9eafd', '3772af7f-08cd-4f56-a88e-f4c009f3e23a', 'c01450fd-f183-4971-8bdc-070141711edf', 5, 12.0, 60.0),
  ('e9b056ce-ee38-43d4-9ff1-eac3b668c190', '3772af7f-08cd-4f56-a88e-f4c009f3e23a', 'f3160e6a-6f8a-4682-a667-780c6b81b1be', 2, 899.0, 1798.0),
  ('176f1f01-3eb9-4d47-8746-25b06b15981b', 'b4857aa6-567d-4005-a3b6-9b5677665f4b', 'c01450fd-f183-4971-8bdc-070141711edf', 5, 12.0, 60.0),
  ('a4c8836e-794e-4b56-97ea-9b57281d689e', 'b4857aa6-567d-4005-a3b6-9b5677665f4b', '959750de-6b39-4006-9411-b458eaf6f66d', 4, 39.0, 156.0),
  ('52f4c7ab-a9b0-4464-8bf4-6cd14f916a46', 'b4857aa6-567d-4005-a3b6-9b5677665f4b', '31db4f21-41de-489c-9307-2f96e4e03139', 2, 29.0, 58.0),
  ('aa68e39e-076f-4d56-9802-f10528c11c3b', 'b4857aa6-567d-4005-a3b6-9b5677665f4b', '565b0007-25e7-4387-a2da-9ab123b297d4', 2, 199.0, 398.0),
  ('cd3c12fc-9213-4381-9676-58cf34541c04', 'd884a9d9-1129-412d-bce7-5098e89176ee', '89fd7868-9c42-4d01-acec-5076c9906529', 5, 129.0, 645.0),
  ('1f0e6a75-e759-49b0-8686-23b81bdadee9', '0bf517c4-99a7-4cbb-8e01-82e7ebb29ee9', 'ba943a01-def2-4ab3-857d-8aa0a0f6c863', 4, 649.0, 2596.0),
  ('271f4440-56b3-41d0-ad44-404c71f1bc2f', '0bf517c4-99a7-4cbb-8e01-82e7ebb29ee9', '565b0007-25e7-4387-a2da-9ab123b297d4', 1, 199.0, 199.0),
  ('e42c304c-7154-4875-b850-d79df5c3ad53', '0bf517c4-99a7-4cbb-8e01-82e7ebb29ee9', 'f4dd0db5-ad60-4a5a-ad53-b0d592d75697', 2, 899.0, 1798.0),
  ('2199d083-fb37-43f1-9645-7ba4a07c6f3f', '0bf517c4-99a7-4cbb-8e01-82e7ebb29ee9', '9b6744b7-8a91-42e4-862d-309149e20430', 4, 549.0, 2196.0),
  ('bc81b012-314a-44c6-8574-dcc00d145c43', 'fc4bab13-e9d3-4166-a690-feba9adbc671', 'aa51c4ec-78b0-4c7f-8246-da01b7f0443c', 3, 429.0, 1287.0),
  ('19b47144-e491-442e-8a54-8844009f8cf6', 'fc4bab13-e9d3-4166-a690-feba9adbc671', '31db4f21-41de-489c-9307-2f96e4e03139', 2, 29.0, 58.0),
  ('7ca5f8a1-d4de-4fc3-b512-fe4477122a10', 'fc4bab13-e9d3-4166-a690-feba9adbc671', '583d5d84-aa1e-41a3-b36e-e7a021065362', 1, 2899.0, 2899.0),
  ('d8d3cb82-9778-4a16-8def-79a5ea4f5440', '043e2905-4872-4b20-9959-f26921fc54ae', '126b9047-04df-434c-9ddd-f4876acab6e5', 4, 1250.0, 5000.0),
  ('c08f798c-9564-42e1-a820-a12f79fdb7fd', '043e2905-4872-4b20-9959-f26921fc54ae', '959750de-6b39-4006-9411-b458eaf6f66d', 2, 39.0, 78.0),
  ('62b41493-7b51-4a37-b6ea-4bdbc6b46236', 'e57ec00d-df2b-4c90-870b-175fa41b849b', 'c2e4a20b-7ef1-458c-81e5-6e91b36757dd', 2, 89.0, 178.0),
  ('46960f86-03b4-4502-aef8-cae7bc102c5e', '5e0cb421-6ebc-40fa-89ef-9fdf5155d8d3', 'c01450fd-f183-4971-8bdc-070141711edf', 3, 12.0, 36.0),
  ('154225b3-f0cc-4087-87d5-0d3221e1db3b', '4588727e-3238-42ad-8d9e-dd3274d938d4', '74417605-f630-4d0c-b000-16684f575eb5', 1, 649.0, 649.0),
  ('6f063a78-5f5f-42ad-b213-674de6fc48ba', '4588727e-3238-42ad-8d9e-dd3274d938d4', '268757f1-3097-4a7e-b831-69ee684b3142', 1, 18.0, 18.0),
  ('50af81e6-e94a-477d-983d-dd66ccd914ec', '4588727e-3238-42ad-8d9e-dd3274d938d4', '2676debc-5cb9-420b-a546-ce18d9511337', 4, 1099.0, 4396.0),
  ('0d7d5700-b349-4c03-8f9c-e569e29c2ad4', '4588727e-3238-42ad-8d9e-dd3274d938d4', 'd8b9de9a-7f19-454d-b8b4-db3565fa82fd', 5, 219.0, 1095.0),
  ('88b11e43-0557-4673-9a92-2bc9074cbb0b', '62cd5d7a-95c8-4d22-833f-4d91b1be26f5', 'dc083719-9699-45a8-8f79-361a63805145', 3, 54.0, 162.0),
  ('007fba26-4d25-4b3f-8871-8bd629931ba1', '62cd5d7a-95c8-4d22-833f-4d91b1be26f5', 'c80f2764-5ba1-4c8f-91c0-f20b6643a31e', 2, 4999.0, 9998.0),
  ('6284f866-7854-4f2d-b4b6-16041624d2f8', '62cd5d7a-95c8-4d22-833f-4d91b1be26f5', '2676debc-5cb9-420b-a546-ce18d9511337', 5, 1099.0, 5495.0),
  ('931c7ace-cfac-4400-a14e-f016df2eccac', 'e6b527e9-e56f-43c0-87a3-94eac44643bd', '565b0007-25e7-4387-a2da-9ab123b297d4', 5, 199.0, 995.0),
  ('96dd809c-7a49-4be4-a392-35b4e0b97e87', '19f1e8ff-1af5-479a-afac-1d0fde39a07a', 'c2e4a20b-7ef1-458c-81e5-6e91b36757dd', 3, 89.0, 267.0),
  ('0db8ab70-41f9-4054-867c-2faac1d7d339', '19f1e8ff-1af5-479a-afac-1d0fde39a07a', 'f3160e6a-6f8a-4682-a667-780c6b81b1be', 1, 899.0, 899.0),
  ('ac7277fc-c14c-4082-ba88-5455b3324ae1', '19f1e8ff-1af5-479a-afac-1d0fde39a07a', 'c80f2764-5ba1-4c8f-91c0-f20b6643a31e', 3, 4999.0, 14997.0),
  ('3ab5b5c0-0025-4c41-9473-85f5a82579ad', '5f2ab5f3-819c-41d5-82d3-a0a9b3b46afa', '126b9047-04df-434c-9ddd-f4876acab6e5', 5, 1250.0, 6250.0),
  ('f22ef566-6042-4c6f-895b-bbe27cea1e57', '5f2ab5f3-819c-41d5-82d3-a0a9b3b46afa', '35026cca-33eb-4599-84bf-dc886a345497', 3, 79.0, 237.0),
  ('b7898cbc-13a3-404e-8e01-6a543f6e810d', 'd6f30f49-1e2f-4d7a-8e9f-b8a2dcc77d49', '583d5d84-aa1e-41a3-b36e-e7a021065362', 4, 2899.0, 11596.0),
  ('ba9a83ec-7223-40b7-be11-02237f3e2387', 'd6f30f49-1e2f-4d7a-8e9f-b8a2dcc77d49', '89fd7868-9c42-4d01-acec-5076c9906529', 1, 129.0, 129.0),
  ('0ad2a793-f448-4b3c-9b6a-fc8b49722401', 'e4365414-cc25-40b3-9829-69b9dc5c7d57', '43e09351-99c5-4d3b-b5da-85ba35b9b92c', 4, 159.0, 636.0),
  ('88644484-20b9-4d72-be49-b66712731bbb', 'e4365414-cc25-40b3-9829-69b9dc5c7d57', '959750de-6b39-4006-9411-b458eaf6f66d', 5, 39.0, 195.0),
  ('32828f62-4567-4a19-ba32-5bdc3391ffb4', 'e4365414-cc25-40b3-9829-69b9dc5c7d57', '565b0007-25e7-4387-a2da-9ab123b297d4', 4, 199.0, 796.0),
  ('8d393d2f-4443-49d4-9984-046ad22b7169', '43479a71-9f6f-4d9a-a85a-497749650a0a', '4a127c12-fa3a-4543-9b57-865c40b4354a', 3, 899.0, 2697.0),
  ('16cada0f-d8d5-40e9-a0d7-035c9b27a4f7', '43479a71-9f6f-4d9a-a85a-497749650a0a', 'c01450fd-f183-4971-8bdc-070141711edf', 3, 12.0, 36.0),
  ('2fc458c1-0bef-4751-9aee-6f2495bbbd1c', '43479a71-9f6f-4d9a-a85a-497749650a0a', '126b9047-04df-434c-9ddd-f4876acab6e5', 1, 1250.0, 1250.0);
