id,invoice_no,customer_id,customer_name,employee_id,employee_name,sale_date,subtotal,discount,tax,total,payment_status
6d590189-bc34-4bed-a4a5-87587eccac12,INV-2026-0016,3c475f0b-3792-4f94-920c-9c31afadce82,Greenfield Technologies,fc8db393-ee14-45e2-95bf-7a4dddf7b24d,Kangesh Balakrishnan,2026-04-01,6436.0,0.0,1158.48,7594.48,paid
ff849333-4769-4983-8f84-8123f0a9d5c6,INV-2026-0054,88db8079-ec0e-4750-a423-75b1a101ed0c,Cascade Pharma,fc8db393-ee14-45e2-95bf-7a4dddf7b24d,Kangesh Balakrishnan,2026-04-02,8535.0,0.0,1536.3,10071.3,overdue
29b9decc-8f51-4c7f-bce9-baea356d9b3e,INV-2026-0041,88db8079-ec0e-4750-a423-75b1a101ed0c,Cascade Pharma,4982ed6c-3ca7-4456-b7b6-943099fc344f,Abinaya R,2026-04-03,6876.0,0.0,1237.68,8113.68,paid
e6747025-bce0-4967-a3e0-176f8d15fd3b,INV-2026-0060,21b1475c-bc2b-4c22-b2b1-e6534a59cd86,Crownstone Logistics,a05ba0ff-1b5d-4416-849b-280057cff94b,Rahul Sundaram,2026-04-05,2584.0,0.0,465.12,3049.12,paid
fa986f04-e3f3-4436-85fa-6cff63bcf736,INV-2026-0093,d5e0c37a-5e00-4ff7-9095-3bc8d0c67261,Amberline Textiles,99604f39-d16d-4ee5-b18b-96a589ce40a0,Priya Dharshini,2026-04-05,6238.0,0.0,1122.84,7360.84,paid
4524eb53-1779-4937-9f0b-5b7c1d949a66,INV-2026-0018,43b43dad-0d91-4943-a662-c7cccbed43fb,Pinegate Industries,99604f39-d16d-4ee5-b18b-96a589ce40a0,Priya Dharshini,2026-04-06,17942.0,1794.2,2906.6,19054.4,overdue
bbdb6665-c3e8-4a97-8f55-be985946a99d,INV-2026-0025,2fb4defd-277d-4bae-a918-c1059aaccd4b,Vertex Manufacturing,4982ed6c-3ca7-4456-b7b6-943099fc344f,Abinaya R,2026-04-06,241.0,12.05,41.21,270.16,paid
e4365414-cc25-40b3-9829-69b9dc5c7d57,INV-2026-0149,94b8a14b-842c-423f-b556-682b2021efe0,Skyward Manufacturing,4982ed6c-3ca7-4456-b7b6-943099fc344f,Abinaya R,2026-04-06,1627.0,81.35,278.22,1823.87,paid
eba89c4b-6c4b-4818-bb4c-988fdeede30c,INV-2026-0067,94b8a14b-842c-423f-b556-682b2021efe0,Skyward Manufacturing,6d5eed64-a6f4-4c53-ac4f-d909be63886f,Divya Lakshmi,2026-04-07,4515.0,225.75,772.06,5061.31,pending
d884a9d9-1129-412d-bce7-5098e89176ee,INV-2026-0137,8ec156a7-a3ff-4990-b879-eec6a4ae68af,Pinegate Motors,6d5eed64-a6f4-4c53-ac4f-d909be63886f,Divya Lakshmi,2026-04-07,645.0,0.0,116.1,761.1,paid
445aafe3-7ea0-48b6-aeec-d28ff1a53449,INV-2026-0101,8ec156a7-a3ff-4990-b879-eec6a4ae68af,Pinegate Motors,c40e9972-19b5-427b-9d04-6e34a99f4f79,Karthik Iyer,2026-04-08,4831.0,0.0,869.58,5700.58,paid
877d7bc6-c2ff-4deb-a104-6e6e6d13abf8,INV-2026-0017,5301d2c8-28ff-42ac-a17d-c1e27c7479b3,Solstice Realty,4982ed6c-3ca7-4456-b7b6-943099fc344f,Abinaya R,2026-04-10,11493.0,574.65,1965.3,12883.65,paid
5f349cad-3349-4431-9aa6-25e30f3185c4,INV-2026-0076,8ec156a7-a3ff-4990-b879-eec6a4ae68af,Pinegate Motors,a05ba0ff-1b5d-4416-849b-280057cff94b,Rahul Sundaram,2026-04-10,1631.0,163.1,264.22,1732.12,paid
0c263dff-9dfc-4719-9701-2e5a52f9b6be,INV-2026-0133,6cdc1ba9-baea-420d-b037-f945ff527396,Brightpeak Pharma,7e93b14b-9205-4ca0-b017-2d7349215614,Vignesh M,2026-04-10,447.0,0.0,80.46,527.46,overdue
aee12f31-9d07-4c38-b716-d11bb85a58be,INV-2026-0009,2ee024c7-424f-4dbb-9af4-a6295f8e2c4f,Nimbus Technologies,7e93b14b-9205-4ca0-b017-2d7349215614,Vignesh M,2026-04-11,298.0,29.8,48.28,316.48,paid
5f675773-112f-4ac0-b18a-2fafff499511,INV-2026-0063,7f0705ca-9b33-4962-bf01-a72b1993a470,Solstice Holdings,4982ed6c-3ca7-4456-b7b6-943099fc344f,Abinaya R,2026-04-11,3631.0,0.0,653.58,4284.58,paid
a19a40d9-0981-42bc-8f1c-8680c4d0e6d4,INV-2026-0080,70df4490-bcda-47cf-b8d8-7af1e6cfa7ce,Harborview Technologies,c40e9972-19b5-427b-9d04-6e34a99f4f79,Karthik Iyer,2026-04-11,2063.0,0.0,371.34,2434.34,pending
36ce9790-c336-48c8-bbc1-715665c8f120,INV-2026-0119,31cff2a2-84b2-4e35-ab91-bc121aa4d68a,Cascade Solutions,a05ba0ff-1b5d-4416-849b-280057cff94b,Rahul Sundaram,2026-04-11,1007.0,0.0,181.26,1188.26,pending
0bf517c4-99a7-4cbb-8e01-82e7ebb29ee9,INV-2026-0138,c1bc5977-e77b-4ce6-ae8e-1228b9370cce,Beacon Systems,a05ba0ff-1b5d-4416-849b-280057cff94b,Rahul Sundaram,2026-04-11,6789.0,339.45,1160.92,7610.47,paid
353a7a2a-3169-4d81-8512-0115f04eae5a,INV-2026-0105,2fb4defd-277d-4bae-a918-c1059aaccd4b,Vertex Manufacturing,7e93b14b-9205-4ca0-b017-2d7349215614,Vignesh M,2026-04-12,12008.0,600.4,2053.37,13460.97,paid
c1150c55-5446-48b0-bcc3-ea8d9e80123c,INV-2026-0107,be381003-ff09-4714-8979-9ec1f27f792b,Pinegate Retail Group,99604f39-d16d-4ee5-b18b-96a589ce40a0,Priya Dharshini,2026-04-14,647.0,32.35,110.64,725.29,pending
437b2245-07c0-47e2-a99c-74643d1d71f7,INV-2026-0061,88db8079-ec0e-4750-a423-75b1a101ed0c,Cascade Pharma,99604f39-d16d-4ee5-b18b-96a589ce40a0,Priya Dharshini,2026-04-15,407.0,0.0,73.26,480.26,paid
013887cd-9825-4fb4-b839-430ce49290e4,INV-2026-0091,bd81a36a-e02f-4eb7-b85e-0d1d159f4cb6,Silverline Traders,99604f39-d16d-4ee5-b18b-96a589ce40a0,Priya Dharshini,2026-04-15,1182.0,118.2,191.48,1255.28,overdue
4588727e-3238-42ad-8d9e-dd3274d938d4,INV-2026-0143,85ed9647-982b-4f40-abbc-10287619d7d7,Brightpeak Technologies,99604f39-d16d-4ee5-b18b-96a589ce40a0,Priya Dharshini,2026-04-16,6158.0,0.0,1108.44,7266.44,pending
f3f6ddc3-5432-420f-8b40-4494be055db0,INV-2026-0097,88db8079-ec0e-4750-a423-75b1a101ed0c,Cascade Pharma,a05ba0ff-1b5d-4416-849b-280057cff94b,Rahul Sundaram,2026-04-17,3797.0,0.0,683.46,4480.46,paid
d27e3bb5-9ba4-4cf6-b1f1-4b856ff4b6e1,INV-2026-0102,fd037696-6eb2-40f4-b0cd-81282d5e53fc,Solstice Retail Group,6d5eed64-a6f4-4c53-ac4f-d909be63886f,Divya Lakshmi,2026-04-17,6865.0,0.0,1235.7,8100.7,pending
f7fcb0b8-bcf2-4605-8996-e83a9513de76,INV-2026-0088,21b1475c-bc2b-4c22-b2b1-e6534a59cd86,Crownstone Logistics,c40e9972-19b5-427b-9d04-6e34a99f4f79,Karthik Iyer,2026-04-19,3098.0,0.0,557.64,3655.64,pending
3b5473f6-591c-468f-a7fe-a6a7a56ca0f4,INV-2026-0035,21b1475c-bc2b-4c22-b2b1-e6534a59cd86,Crownstone Logistics,c40e9972-19b5-427b-9d04-6e34a99f4f79,Karthik Iyer,2026-04-20,2125.0,212.5,344.25,2256.75,paid
bb67b1e9-4be4-41a8-b6a5-647e684eff42,INV-2026-0112,70df4490-bcda-47cf-b8d8-7af1e6cfa7ce,Harborview Technologies,4982ed6c-3ca7-4456-b7b6-943099fc344f,Abinaya R,2026-04-21,356.0,35.6,57.67,378.07,pending
91e449aa-d9d3-421a-8dbf-4b7d62ca554f,INV-2026-0118,70df4490-bcda-47cf-b8d8-7af1e6cfa7ce,Harborview Technologies,2b4af138-634b-4dcb-a48c-cb904e1d7129,Meena Sundari,2026-04-22,6603.0,660.3,1069.69,7012.39,pending
d3f7ab66-5c8d-4b2f-8f4c-ba85dde17baa,INV-2026-0040,85ed9647-982b-4f40-abbc-10287619d7d7,Brightpeak Technologies,a05ba0ff-1b5d-4416-849b-280057cff94b,Rahul Sundaram,2026-04-24,2765.0,0.0,497.7,3262.7,pending
468f001e-c07c-4a22-b014-f81e276f5c59,INV-2026-0110,5301d2c8-28ff-42ac-a17d-c1e27c7479b3,Solstice Realty,c40e9972-19b5-427b-9d04-6e34a99f4f79,Karthik Iyer,2026-04-24,899.0,0.0,161.82,1060.82,pending
130c8139-b5fd-4725-bae1-dc5628813510,INV-2026-0004,94b8a14b-842c-423f-b556-682b2021efe0,Skyward Manufacturing,2b4af138-634b-4dcb-a48c-cb904e1d7129,Meena Sundari,2026-04-25,1558.0,0.0,280.44,1838.44,paid
b4857aa6-567d-4005-a3b6-9b5677665f4b,INV-2026-0136,d5e0c37a-5e00-4ff7-9095-3bc8d0c67261,Amberline Textiles,2b4af138-634b-4dcb-a48c-cb904e1d7129,Meena Sundari,2026-04-25,672.0,0.0,120.96,792.96,paid
acd47798-0b13-417b-83ce-ab78d5da3907,INV-2026-0021,f46e1a84-42c5-4393-ad6c-f997fb99ce2a,Crownstone Retail Group,6d5eed64-a6f4-4c53-ac4f-d909be63886f,Divya Lakshmi,2026-04-26,2033.0,0.0,365.94,2398.94,paid
a1670d0b-028d-48f8-b33d-df31900ab546,INV-2026-0121,2ee024c7-424f-4dbb-9af4-a6295f8e2c4f,Nimbus Technologies,fc8db393-ee14-45e2-95bf-7a4dddf7b24d,Kangesh Balakrishnan,2026-04-26,1396.0,139.6,226.15,1482.55,overdue
863e287d-35d4-4eb4-a459-6b56e280772f,INV-2026-0011,91ee6aa8-496a-42c1-b5e8-c9e34c393e67,Frontier Manufacturing,99604f39-d16d-4ee5-b18b-96a589ce40a0,Priya Dharshini,2026-04-27,4130.0,0.0,743.4,4873.4,paid
2ea77002-74a3-4de4-b625-7d962224043e,INV-2026-0015,3c475f0b-3792-4f94-920c-9c31afadce82,Greenfield Technologies,99604f39-d16d-4ee5-b18b-96a589ce40a0,Priya Dharshini,2026-04-27,904.0,45.2,154.58,1013.38,paid
0dd34227-4189-48bf-b87d-e3134aa26ce0,INV-2026-0053,8ec156a7-a3ff-4990-b879-eec6a4ae68af,Pinegate Motors,a05ba0ff-1b5d-4416-849b-280057cff94b,Rahul Sundaram,2026-04-28,13092.0,0.0,2356.56,15448.56,paid
06801e82-2abb-4207-9f68-b0ded9be9b69,INV-2026-0096,21b1475c-bc2b-4c22-b2b1-e6534a59cd86,Crownstone Logistics,6d5eed64-a6f4-4c53-ac4f-d909be63886f,Divya Lakshmi,2026-04-28,739.0,36.95,126.37,828.42,paid
7794a09f-85ba-4844-9657-6e119b1cf41b,INV-2026-0111,464a62e0-ccf2-432b-9806-e76bfdccf9b9,Crownstone Foods Pvt Ltd,c40e9972-19b5-427b-9d04-6e34a99f4f79,Karthik Iyer,2026-04-28,2446.0,0.0,440.28,2886.28,paid
26e78f13-6ddb-4607-98b1-ca198d2b65ea,INV-2026-0115,a8828cf5-45fa-4c4d-a2cc-bba56b2f4c4f,Silverline Industries,a05ba0ff-1b5d-4416-849b-280057cff94b,Rahul Sundaram,2026-04-28,24350.0,0.0,4383.0,28733.0,paid
3a5b6ecb-e37a-4cab-b9b3-45d79d1e2647,INV-2026-0038,fd037696-6eb2-40f4-b0cd-81282d5e53fc,Solstice Retail Group,c40e9972-19b5-427b-9d04-6e34a99f4f79,Karthik Iyer,2026-04-29,20708.0,0.0,3727.44,24435.44,paid
cf435316-0d76-4f56-9fe8-d9e1b479a882,INV-2026-0090,f086acbb-baa1-48b8-8054-201d96805b5b,Brightpeak Realty,2b4af138-634b-4dcb-a48c-cb904e1d7129,Meena Sundari,2026-04-29,4851.0,242.55,829.52,5437.97,pending
fe3b2de3-cd99-48e3-afc1-4cd9dd9f8d55,INV-2026-0001,f086acbb-baa1-48b8-8054-201d96805b5b,Brightpeak Realty,4982ed6c-3ca7-4456-b7b6-943099fc344f,Abinaya R,2026-04-30,10351.0,0.0,1863.18,12214.18,overdue
e6c235c7-c7d6-439d-aebc-5b5087228b9d,INV-2026-0085,a8828cf5-45fa-4c4d-a2cc-bba56b2f4c4f,Silverline Industries,7e93b14b-9205-4ca0-b017-2d7349215614,Vignesh M,2026-05-03,156.0,0.0,28.08,184.08,overdue
9148e1bc-8283-4d01-8d1e-684a71a79f49,INV-2026-0023,2ee024c7-424f-4dbb-9af4-a6295f8e2c4f,Nimbus Technologies,a05ba0ff-1b5d-4416-849b-280057cff94b,Rahul Sundaram,2026-05-04,17495.0,1749.5,2834.19,18579.69,paid
7db91d9e-17a5-4725-8e66-c7b90d70af0d,INV-2026-0049,3c475f0b-3792-4f94-920c-9c31afadce82,Greenfield Technologies,a05ba0ff-1b5d-4416-849b-280057cff94b,Rahul Sundaram,2026-05-04,8395.0,839.5,1359.99,8915.49,pending
b381fcf5-4bba-43d8-a298-7cd288992ab8,INV-2026-0071,4bf95d57-a29d-4710-accc-bde0997a980b,Cobalt Ventures,6d5eed64-a6f4-4c53-ac4f-d909be63886f,Divya Lakshmi,2026-05-06,26837.0,2683.7,4347.59,28500.89,paid
4aab3146-1232-48e5-bd49-2be47592173d,INV-2026-0094,94b8a14b-842c-423f-b556-682b2021efe0,Skyward Manufacturing,7e93b14b-9205-4ca0-b017-2d7349215614,Vignesh M,2026-05-06,17090.0,0.0,3076.2,20166.2,paid
f254fd44-3585-4282-817f-e7c85548d9f4,INV-2026-0055,8ec156a7-a3ff-4990-b879-eec6a4ae68af,Pinegate Motors,2b4af138-634b-4dcb-a48c-cb904e1d7129,Meena Sundari,2026-05-07,2311.0,231.1,374.38,2454.28,paid
12c06068-282e-46e8-9f62-5a7ccb77d637,INV-2026-0014,bd81a36a-e02f-4eb7-b85e-0d1d159f4cb6,Silverline Traders,fc8db393-ee14-45e2-95bf-7a4dddf7b24d,Kangesh Balakrishnan,2026-05-09,21490.0,1074.5,3674.79,24090.29,overdue
3e327101-444f-42a1-a7ee-360bd5989cd8,INV-2026-0062,7f0705ca-9b33-4962-bf01-a72b1993a470,Solstice Holdings,a05ba0ff-1b5d-4416-849b-280057cff94b,Rahul Sundaram,2026-05-10,15493.0,1549.3,2509.87,16453.57,pending
0dd16038-81f1-4a0f-b27c-70f7f3435156,INV-2026-0069,4098a988-3be0-49d4-b041-d1145d237d5c,Highland Exports,4982ed6c-3ca7-4456-b7b6-943099fc344f,Abinaya R,2026-05-10,5482.0,548.2,888.08,5821.88,paid
071691ff-eed5-4f81-8fa0-f71bca30709c,INV-2026-0104,b52a52db-7c59-430c-bbd3-16000f8070b6,Northgate Holdings,6d5eed64-a6f4-4c53-ac4f-d909be63886f,Divya Lakshmi,2026-05-11,755.0,0.0,135.9,890.9,paid
c83aeb91-a4ee-4a75-a01a-0c568c850b3c,INV-2026-0022,fd037696-6eb2-40f4-b0cd-81282d5e53fc,Solstice Retail Group,7e93b14b-9205-4ca0-b017-2d7349215614,Vignesh M,2026-05-13,4158.0,0.0,748.44,4906.44,paid
d07cff0f-59c9-4cd9-bf85-4634260f1b38,INV-2026-0013,f086acbb-baa1-48b8-8054-201d96805b5b,Brightpeak Realty,99604f39-d16d-4ee5-b18b-96a589ce40a0,Priya Dharshini,2026-05-15,2337.0,0.0,420.66,2757.66,pending
7ac5f2df-87b0-40a3-9d1a-9da6675c082f,INV-2026-0046,f46e1a84-42c5-4393-ad6c-f997fb99ce2a,Crownstone Retail Group,fc8db393-ee14-45e2-95bf-7a4dddf7b24d,Kangesh Balakrishnan,2026-05-17,9133.0,913.3,1479.55,9699.25,paid
4b18273e-4066-49e4-bc9d-e43ff449ac4d,INV-2026-0086,a8828cf5-45fa-4c4d-a2cc-bba56b2f4c4f,Silverline Industries,7e93b14b-9205-4ca0-b017-2d7349215614,Vignesh M,2026-05-17,2084.0,104.2,356.36,2336.16,pending
e9b88f0f-1ed3-494e-ae21-cb8b067a6524,INV-2026-0132,fccf94c3-c4f2-4d8f-bbc7-df71d3081ec2,Northgate Traders,6d5eed64-a6f4-4c53-ac4f-d909be63886f,Divya Lakshmi,2026-05-17,2572.0,0.0,462.96,3034.96,paid
10df29ab-e0b3-47d9-a705-6551a1251086,INV-2026-0051,8ec156a7-a3ff-4990-b879-eec6a4ae68af,Pinegate Motors,6d5eed64-a6f4-4c53-ac4f-d909be63886f,Divya Lakshmi,2026-05-18,8597.0,0.0,1547.46,10144.46,paid
cf955409-2616-4909-a00c-2fdced5baf6f,INV-2026-0079,2fb4defd-277d-4bae-a918-c1059aaccd4b,Vertex Manufacturing,fc8db393-ee14-45e2-95bf-7a4dddf7b24d,Kangesh Balakrishnan,2026-05-18,1103.0,0.0,198.54,1301.54,paid
0edabddd-d1f5-48fe-b073-dfa8f18e64d9,INV-2026-0089,b52a52db-7c59-430c-bbd3-16000f8070b6,Northgate Holdings,c40e9972-19b5-427b-9d04-6e34a99f4f79,Karthik Iyer,2026-05-18,16290.0,814.5,2785.59,18261.09,overdue
c589c9bb-6919-4d28-b6df-f5b54a71fd13,INV-2026-0108,59fa641a-e607-46bf-893c-5d10564c078a,Solstice Networks,a05ba0ff-1b5d-4416-849b-280057cff94b,Rahul Sundaram,2026-05-18,360.0,0.0,64.8,424.8,overdue
ab23d99e-7ab0-4721-bc4f-0532b9f2f65e,INV-2026-0128,6cdc1ba9-baea-420d-b037-f945ff527396,Brightpeak Pharma,c40e9972-19b5-427b-9d04-6e34a99f4f79,Karthik Iyer,2026-05-18,3725.0,0.0,670.5,4395.5,pending
40b42d07-15c5-4ff3-b6f4-e61839eb60e4,INV-2026-0083,be381003-ff09-4714-8979-9ec1f27f792b,Pinegate Retail Group,6d5eed64-a6f4-4c53-ac4f-d909be63886f,Divya Lakshmi,2026-05-19,5632.0,0.0,1013.76,6645.76,overdue
d0bbf3db-ff94-4356-81c2-6eecf7a9e251,INV-2026-0134,5301d2c8-28ff-42ac-a17d-c1e27c7479b3,Solstice Realty,fc8db393-ee14-45e2-95bf-7a4dddf7b24d,Kangesh Balakrishnan,2026-05-19,3003.0,300.3,486.49,3189.19,paid
06adbfdb-9c08-499c-a0a6-2a7b7a951596,INV-2026-0106,43b43dad-0d91-4943-a662-c7cccbed43fb,Pinegate Industries,c40e9972-19b5-427b-9d04-6e34a99f4f79,Karthik Iyer,2026-05-23,195.0,9.75,33.34,218.59,paid
3772af7f-08cd-4f56-a88e-f4c009f3e23a,INV-2026-0135,d5e0c37a-5e00-4ff7-9095-3bc8d0c67261,Amberline Textiles,99604f39-d16d-4ee5-b18b-96a589ce40a0,Priya Dharshini,2026-05-23,6332.0,316.6,1082.77,7098.17,pending
fc4bab13-e9d3-4166-a690-feba9adbc671,INV-2026-0139,85ed9647-982b-4f40-abbc-10287619d7d7,Brightpeak Technologies,c40e9972-19b5-427b-9d04-6e34a99f4f79,Karthik Iyer,2026-05-24,4244.0,212.2,725.72,4757.52,paid
b0e93147-5477-4c65-a9fa-7006194c8ba9,INV-2026-0078,bd81a36a-e02f-4eb7-b85e-0d1d159f4cb6,Silverline Traders,7e93b14b-9205-4ca0-b017-2d7349215614,Vignesh M,2026-05-26,1244.0,62.2,212.72,1394.52,paid
8613eb33-6f62-4ba1-93f5-a67af5aac830,INV-2026-0005,4098a988-3be0-49d4-b041-d1145d237d5c,Highland Exports,7e93b14b-9205-4ca0-b017-2d7349215614,Vignesh M,2026-05-27,3245.0,0.0,584.1,3829.1,paid
dee93f1b-1ba2-4e65-8099-cd7052bc8ab6,INV-2026-0028,87b81cba-317e-43a8-bedf-914e8c90be27,Union Solutions,99604f39-d16d-4ee5-b18b-96a589ce40a0,Priya Dharshini,2026-05-27,8205.0,410.25,1403.05,9197.8,paid
50fac3ae-6a64-43b3-89a8-3df62e491fe2,INV-2026-0034,f086acbb-baa1-48b8-8054-201d96805b5b,Brightpeak Realty,a05ba0ff-1b5d-4416-849b-280057cff94b,Rahul Sundaram,2026-05-27,712.0,0.0,128.16,840.16,paid
b0ca1d21-ae9b-4f51-8959-9212ccf5d17e,INV-2026-0075,bd81a36a-e02f-4eb7-b85e-0d1d159f4cb6,Silverline Traders,2b4af138-634b-4dcb-a48c-cb904e1d7129,Meena Sundari,2026-05-27,1798.0,179.8,291.28,1909.48,paid
ae7a55ef-c855-466a-adfb-abcb3d062d73,INV-2026-0082,43b43dad-0d91-4943-a662-c7cccbed43fb,Pinegate Industries,a05ba0ff-1b5d-4416-849b-280057cff94b,Rahul Sundaram,2026-05-27,5037.0,0.0,906.66,5943.66,paid
83ff0228-0736-424f-afce-3fa92eedb084,INV-2026-0072,88db8079-ec0e-4750-a423-75b1a101ed0c,Cascade Pharma,2b4af138-634b-4dcb-a48c-cb904e1d7129,Meena Sundari,2026-05-28,6489.0,324.45,1109.62,7274.17,paid
5e46b288-bfa8-46b4-bf0a-62a3cd9bc5db,INV-2026-0012,70df4490-bcda-47cf-b8d8-7af1e6cfa7ce,Harborview Technologies,7e93b14b-9205-4ca0-b017-2d7349215614,Vignesh M,2026-05-29,2998.0,149.9,512.66,3360.76,paid
b1b38159-67d6-4a4b-a071-2d7c3324cbec,INV-2026-0032,a8828cf5-45fa-4c4d-a2cc-bba56b2f4c4f,Silverline Industries,2b4af138-634b-4dcb-a48c-cb904e1d7129,Meena Sundari,2026-05-29,4181.0,418.1,677.32,4440.22,paid
f7447330-458e-4ea0-95d7-02aa96c59c73,INV-2026-0117,f086acbb-baa1-48b8-8054-201d96805b5b,Brightpeak Realty,6d5eed64-a6f4-4c53-ac4f-d909be63886f,Divya Lakshmi,2026-05-29,10408.0,0.0,1873.44,12281.44,paid
0550a135-a0d9-4b8b-b66c-27817d48cbb3,INV-2026-0124,87b81cba-317e-43a8-bedf-914e8c90be27,Union Solutions,4982ed6c-3ca7-4456-b7b6-943099fc344f,Abinaya R,2026-05-30,237.0,0.0,42.66,279.66,paid
9c5b9717-c4e7-4ceb-8edb-dd87b272b595,INV-2026-0030,70df4490-bcda-47cf-b8d8-7af1e6cfa7ce,Harborview Technologies,7e93b14b-9205-4ca0-b017-2d7349215614,Vignesh M,2026-05-31,12896.0,0.0,2321.28,15217.28,paid
fe989725-176c-48d8-a489-6fb75dac929b,INV-2026-0065,43b43dad-0d91-4943-a662-c7cccbed43fb,Pinegate Industries,c40e9972-19b5-427b-9d04-6e34a99f4f79,Karthik Iyer,2026-05-31,14621.0,1462.1,2368.6,15527.5,paid
11aba2f1-73c1-472c-b500-de51c6521ddb,INV-2026-0126,1ddccdbe-04f7-46ec-8112-2f7ea2820f20,Beacon Consulting,fc8db393-ee14-45e2-95bf-7a4dddf7b24d,Kangesh Balakrishnan,2026-05-31,219.0,10.95,37.45,245.5,paid
19f1e8ff-1af5-479a-afac-1d0fde39a07a,INV-2026-0146,1ad51eeb-9a25-49fe-bcef-d1e5859901bd,Solstice Consulting,c40e9972-19b5-427b-9d04-6e34a99f4f79,Karthik Iyer,2026-05-31,16163.0,0.0,2909.34,19072.34,paid
de78a4d2-6c67-4e04-b6d0-e5b1f3b17027,INV-2026-0087,fd037696-6eb2-40f4-b0cd-81282d5e53fc,Solstice Retail Group,fc8db393-ee14-45e2-95bf-7a4dddf7b24d,Kangesh Balakrishnan,2026-06-04,2473.0,247.3,400.63,2626.33,paid
33b4d10b-ad56-4533-ae9d-02369681feef,INV-2026-0127,2ee024c7-424f-4dbb-9af4-a6295f8e2c4f,Nimbus Technologies,4982ed6c-3ca7-4456-b7b6-943099fc344f,Abinaya R,2026-06-04,1611.0,0.0,289.98,1900.98,paid
57b6aeed-c244-4797-a453-5646cc2a91cb,INV-2026-0070,fd037696-6eb2-40f4-b0cd-81282d5e53fc,Solstice Retail Group,c40e9972-19b5-427b-9d04-6e34a99f4f79,Karthik Iyer,2026-06-05,10347.0,0.0,1862.46,12209.46,paid
5031977f-8ab7-4890-a424-813e6b448074,INV-2026-0120,94b8a14b-842c-423f-b556-682b2021efe0,Skyward Manufacturing,6d5eed64-a6f4-4c53-ac4f-d909be63886f,Divya Lakshmi,2026-06-05,3545.0,0.0,638.1,4183.1,paid
3e352343-3a68-4b0c-a0d9-c7224813e323,INV-2026-0116,21b1475c-bc2b-4c22-b2b1-e6534a59cd86,Crownstone Logistics,6d5eed64-a6f4-4c53-ac4f-d909be63886f,Divya Lakshmi,2026-06-08,29.0,2.9,4.7,30.8,paid
1a71c2c3-5c1c-4ae3-a6db-7f8d3b539183,INV-2026-0036,f46e1a84-42c5-4393-ad6c-f997fb99ce2a,Crownstone Retail Group,c40e9972-19b5-427b-9d04-6e34a99f4f79,Karthik Iyer,2026-06-09,1996.0,199.6,323.35,2119.75,overdue
20f68bb6-6375-42e4-9fc3-f551d8867e03,INV-2026-0059,f086acbb-baa1-48b8-8054-201d96805b5b,Brightpeak Realty,fc8db393-ee14-45e2-95bf-7a4dddf7b24d,Kangesh Balakrishnan,2026-06-10,216.0,21.6,34.99,229.39,paid
79f87dd5-217d-46a8-a78f-30875cd2a44e,INV-2026-0050,756afd9d-b02b-4dde-a3ff-94f108c1e742,Palisade Networks,2b4af138-634b-4dcb-a48c-cb904e1d7129,Meena Sundari,2026-06-11,26487.0,1324.35,4529.28,29691.93,overdue
326ae980-5522-4f55-a024-12320109af1b,INV-2026-0057,4bf95d57-a29d-4710-accc-bde0997a980b,Cobalt Ventures,99604f39-d16d-4ee5-b18b-96a589ce40a0,Priya Dharshini,2026-06-11,6343.0,0.0,1141.74,7484.74,overdue
e458ed6b-fc70-4ee0-a7f5-43505009e497,INV-2026-0131,464a62e0-ccf2-432b-9806-e76bfdccf9b9,Crownstone Foods Pvt Ltd,6d5eed64-a6f4-4c53-ac4f-d909be63886f,Divya Lakshmi,2026-06-11,874.0,87.4,141.59,928.19,pending
879ca0a7-9c50-4c53-8904-9d0398455c25,INV-2026-0010,756afd9d-b02b-4dde-a3ff-94f108c1e742,Palisade Networks,4982ed6c-3ca7-4456-b7b6-943099fc344f,Abinaya R,2026-06-12,270.0,13.5,46.17,302.67,paid
3de24213-eefc-46d0-9185-6b385f491acb,INV-2026-0048,70df4490-bcda-47cf-b8d8-7af1e6cfa7ce,Harborview Technologies,c40e9972-19b5-427b-9d04-6e34a99f4f79,Karthik Iyer,2026-06-12,19291.0,0.0,3472.38,22763.38,paid
9b2b77f9-d2d7-4a6f-8dd8-cebd3eb94ec6,INV-2026-0002,8ec156a7-a3ff-4990-b879-eec6a4ae68af,Pinegate Motors,99604f39-d16d-4ee5-b18b-96a589ce40a0,Priya Dharshini,2026-06-13,15727.0,1572.7,2547.77,16702.07,pending
ba3eb3c7-321d-45c7-b9bb-16730176b1e9,INV-2026-0056,85ed9647-982b-4f40-abbc-10287619d7d7,Brightpeak Technologies,fc8db393-ee14-45e2-95bf-7a4dddf7b24d,Kangesh Balakrishnan,2026-06-13,1953.0,0.0,351.54,2304.54,paid
45d17a94-c5a0-40da-a7bb-fd786258345f,INV-2026-0064,1ad51eeb-9a25-49fe-bcef-d1e5859901bd,Solstice Consulting,fc8db393-ee14-45e2-95bf-7a4dddf7b24d,Kangesh Balakrishnan,2026-06-13,3626.0,362.6,587.41,3850.81,paid
62cd5d7a-95c8-4d22-833f-4d91b1be26f5,INV-2026-0144,756afd9d-b02b-4dde-a3ff-94f108c1e742,Palisade Networks,fc8db393-ee14-45e2-95bf-7a4dddf7b24d,Kangesh Balakrishnan,2026-06-13,15655.0,1565.5,2536.11,16625.61,paid
79bc41e1-11e0-4790-ab24-88d64daf0433,INV-2026-0008,88db8079-ec0e-4750-a423-75b1a101ed0c,Cascade Pharma,4982ed6c-3ca7-4456-b7b6-943099fc344f,Abinaya R,2026-06-14,16443.0,0.0,2959.74,19402.74,pending
473edf43-89e0-4024-bd49-7f2b832dfd69,INV-2026-0044,fccf94c3-c4f2-4d8f-bbc7-df71d3081ec2,Northgate Traders,a05ba0ff-1b5d-4416-849b-280057cff94b,Rahul Sundaram,2026-06-14,9599.0,0.0,1727.82,11326.82,overdue
991c10f0-d6e4-42ac-9151-442c06a7d9af,INV-2026-0039,be381003-ff09-4714-8979-9ec1f27f792b,Pinegate Retail Group,4982ed6c-3ca7-4456-b7b6-943099fc344f,Abinaya R,2026-06-15,2596.0,0.0,467.28,3063.28,pending
b2c71f71-c30e-4b4b-8929-b3a6a1c633a8,INV-2026-0100,bd81a36a-e02f-4eb7-b85e-0d1d159f4cb6,Silverline Traders,2b4af138-634b-4dcb-a48c-cb904e1d7129,Meena Sundari,2026-06-15,9245.0,924.5,1497.69,9818.19,paid
0b3f82be-2e34-420d-9005-f4d18b4ec277,INV-2026-0113,87b81cba-317e-43a8-bedf-914e8c90be27,Union Solutions,c40e9972-19b5-427b-9d04-6e34a99f4f79,Karthik Iyer,2026-06-17,1331.0,0.0,239.58,1570.58,paid
1345bf40-b671-495b-b593-069ab733a192,INV-2026-0027,be381003-ff09-4714-8979-9ec1f27f792b,Pinegate Retail Group,a05ba0ff-1b5d-4416-849b-280057cff94b,Rahul Sundaram,2026-06-18,25786.0,1289.3,4409.41,28906.11,pending
fdfc9eab-ca20-48f2-b4e4-e5878b0cee1e,INV-2026-0125,7f0705ca-9b33-4962-bf01-a72b1993a470,Solstice Holdings,c40e9972-19b5-427b-9d04-6e34a99f4f79,Karthik Iyer,2026-06-18,9783.0,489.15,1672.89,10966.74,overdue
e57ec00d-df2b-4c90-870b-175fa41b849b,INV-2026-0141,6cabd84b-ce9d-4f62-9e93-13db570f7d00,Lumen Solutions,7e93b14b-9205-4ca0-b017-2d7349215614,Vignesh M,2026-06-18,178.0,0.0,32.04,210.04,pending
73ed4856-44c9-4891-8d41-b0d354b40a45,INV-2026-0042,5301d2c8-28ff-42ac-a17d-c1e27c7479b3,Solstice Realty,99604f39-d16d-4ee5-b18b-96a589ce40a0,Priya Dharshini,2026-06-19,1094.0,0.0,196.92,1290.92,pending
846c95ce-70b7-4a04-87b7-2ae23ed2967f,INV-2026-0077,d20ec49d-495c-4bb3-b4ad-4b1ecec79e2c,Vanguard Solutions,4982ed6c-3ca7-4456-b7b6-943099fc344f,Abinaya R,2026-06-20,1287.0,0.0,231.66,1518.66,paid
c26b3d10-6ed9-47d7-afd8-fa7c9684c3f9,INV-2026-0123,d790b847-4e26-492e-8dee-c06fcb83d19a,Ironclad Manufacturing,a05ba0ff-1b5d-4416-849b-280057cff94b,Rahul Sundaram,2026-06-20,395.0,0.0,71.1,466.1,paid
2e92aae6-a035-40c4-88e1-2d12036bfc04,INV-2026-0081,b52a52db-7c59-430c-bbd3-16000f8070b6,Northgate Holdings,2b4af138-634b-4dcb-a48c-cb904e1d7129,Meena Sundari,2026-06-21,18838.0,0.0,3390.84,22228.84,paid
2389b076-8ebd-4ac5-8184-2d00f0689855,INV-2026-0031,6cabd84b-ce9d-4f62-9e93-13db570f7d00,Lumen Solutions,7e93b14b-9205-4ca0-b017-2d7349215614,Vignesh M,2026-06-23,4204.0,0.0,756.72,4960.72,paid
c1d552ef-ed43-4d4c-b4a0-d5efd7a39451,INV-2026-0066,31cff2a2-84b2-4e35-ab91-bc121aa4d68a,Cascade Solutions,4982ed6c-3ca7-4456-b7b6-943099fc344f,Abinaya R,2026-06-24,29625.0,2962.5,4799.25,31461.75,paid
549084f0-2654-4bc8-867c-ad2f528c4fbe,INV-2026-0109,fd037696-6eb2-40f4-b0cd-81282d5e53fc,Solstice Retail Group,4982ed6c-3ca7-4456-b7b6-943099fc344f,Abinaya R,2026-06-24,654.0,32.7,111.83,733.13,paid
31fec877-0be8-4d26-9981-d7368845f377,INV-2026-0130,5301d2c8-28ff-42ac-a17d-c1e27c7479b3,Solstice Realty,6d5eed64-a6f4-4c53-ac4f-d909be63886f,Divya Lakshmi,2026-06-24,3599.0,0.0,647.82,4246.82,paid
e6b527e9-e56f-43c0-87a3-94eac44643bd,INV-2026-0145,421728df-3d46-4137-954d-66773e82aa70,Silverline Global Corp,6d5eed64-a6f4-4c53-ac4f-d909be63886f,Divya Lakshmi,2026-06-25,995.0,0.0,179.1,1174.1,paid
0bd4980f-e8b2-4bd9-89f2-fe61b6efb27c,INV-2026-0114,c0dfe5ba-bea1-461d-919b-9f7945b8a708,Palisade Motors,2b4af138-634b-4dcb-a48c-cb904e1d7129,Meena Sundari,2026-06-26,6708.0,0.0,1207.44,7915.44,paid
3e2c2d70-228c-479a-bb7f-1bd16808e27a,INV-2026-0129,464a62e0-ccf2-432b-9806-e76bfdccf9b9,Crownstone Foods Pvt Ltd,a05ba0ff-1b5d-4416-849b-280057cff94b,Rahul Sundaram,2026-06-26,6740.0,0.0,1213.2,7953.2,overdue
713a2837-1efb-4663-8b44-ff2e2680b2bf,INV-2026-0037,fccf94c3-c4f2-4d8f-bbc7-df71d3081ec2,Northgate Traders,c40e9972-19b5-427b-9d04-6e34a99f4f79,Karthik Iyer,2026-06-29,20567.0,0.0,3702.06,24269.06,pending
20361c46-e9a6-4684-a642-c5db057446a4,INV-2026-0043,b52a52db-7c59-430c-bbd3-16000f8070b6,Northgate Holdings,6d5eed64-a6f4-4c53-ac4f-d909be63886f,Divya Lakshmi,2026-06-29,2897.0,144.85,495.39,3247.54,paid
bf874847-8664-4dc2-9fe6-032746ece575,INV-2026-0068,d20ec49d-495c-4bb3-b4ad-4b1ecec79e2c,Vanguard Solutions,7e93b14b-9205-4ca0-b017-2d7349215614,Vignesh M,2026-06-29,3245.0,0.0,584.1,3829.1,paid
54ac59d0-eeb5-404b-afc9-6e8b53201f15,INV-2026-0073,756afd9d-b02b-4dde-a3ff-94f108c1e742,Palisade Networks,c40e9972-19b5-427b-9d04-6e34a99f4f79,Karthik Iyer,2026-06-29,3608.0,180.4,616.97,4044.57,pending
d6f30f49-1e2f-4d7a-8e9f-b8a2dcc77d49,INV-2026-0148,8ec156a7-a3ff-4990-b879-eec6a4ae68af,Pinegate Motors,fc8db393-ee14-45e2-95bf-7a4dddf7b24d,Kangesh Balakrishnan,2026-06-29,11725.0,586.25,2004.97,13143.72,paid
70d0bfb7-d3e4-43f7-8a9a-b0b558007545,INV-2026-0074,464a62e0-ccf2-432b-9806-e76bfdccf9b9,Crownstone Foods Pvt Ltd,c40e9972-19b5-427b-9d04-6e34a99f4f79,Karthik Iyer,2026-06-30,6948.0,347.4,1188.11,7788.71,paid
043e2905-4872-4b20-9959-f26921fc54ae,INV-2026-0140,3c475f0b-3792-4f94-920c-9c31afadce82,Greenfield Technologies,fc8db393-ee14-45e2-95bf-7a4dddf7b24d,Kangesh Balakrishnan,2026-07-01,5078.0,507.8,822.64,5392.84,pending
51f4031d-cd2a-44f9-8acd-cf7873133704,INV-2026-0026,d790b847-4e26-492e-8dee-c06fcb83d19a,Ironclad Manufacturing,a05ba0ff-1b5d-4416-849b-280057cff94b,Rahul Sundaram,2026-07-02,917.0,91.7,148.55,973.85,paid
26ea2e4e-5a82-41c6-93be-a641134ef891,INV-2026-0052,94b8a14b-842c-423f-b556-682b2021efe0,Skyward Manufacturing,6d5eed64-a6f4-4c53-ac4f-d909be63886f,Divya Lakshmi,2026-07-02,4495.0,0.0,809.1,5304.1,paid
2ee4dcf7-c435-4d3e-be23-e9885d8d7236,INV-2026-0103,ed65cc3f-a7c9-41df-9416-93ecf25d976e,Greenfield Systems,c40e9972-19b5-427b-9d04-6e34a99f4f79,Karthik Iyer,2026-07-02,4617.0,230.85,789.51,5175.66,paid
26d64c01-7f15-4a28-b146-3fba9bc9ef51,INV-2026-0003,85ed9647-982b-4f40-abbc-10287619d7d7,Brightpeak Technologies,7e93b14b-9205-4ca0-b017-2d7349215614,Vignesh M,2026-07-03,87.0,0.0,15.66,102.66,paid
1a47afbb-b6d2-4c7d-a523-0f7fbccc224b,INV-2026-0024,91ee6aa8-496a-42c1-b5e8-c9e34c393e67,Frontier Manufacturing,c40e9972-19b5-427b-9d04-6e34a99f4f79,Karthik Iyer,2026-07-03,145.0,0.0,26.1,171.1,paid
a71d3e90-b45f-411d-882b-07b32a5e381f,INV-2026-0047,c0dfe5ba-bea1-461d-919b-9f7945b8a708,Palisade Motors,a05ba0ff-1b5d-4416-849b-280057cff94b,Rahul Sundaram,2026-07-03,4382.0,0.0,788.76,5170.76,pending
5e0cb421-6ebc-40fa-89ef-9fdf5155d8d3,INV-2026-0142,7f0705ca-9b33-4962-bf01-a72b1993a470,Solstice Holdings,c40e9972-19b5-427b-9d04-6e34a99f4f79,Karthik Iyer,2026-07-03,36.0,0.0,6.48,42.48,paid
6599d937-30d1-416d-b54a-c82a41816e97,INV-2026-0058,bd81a36a-e02f-4eb7-b85e-0d1d159f4cb6,Silverline Traders,99604f39-d16d-4ee5-b18b-96a589ce40a0,Priya Dharshini,2026-07-04,387.0,0.0,69.66,456.66,paid
5cd19a06-0a1e-4d1d-b0e8-3e47fbf7add0,INV-2026-0099,4bf95d57-a29d-4710-accc-bde0997a980b,Cobalt Ventures,7e93b14b-9205-4ca0-b017-2d7349215614,Vignesh M,2026-07-04,1396.0,69.8,238.72,1564.92,pending
1c72590e-aa1e-416b-9632-d44b383affb5,INV-2026-0019,5301d2c8-28ff-42ac-a17d-c1e27c7479b3,Solstice Realty,99604f39-d16d-4ee5-b18b-96a589ce40a0,Priya Dharshini,2026-07-05,421.0,0.0,75.78,496.78,paid
96f062a0-eb2f-49ef-b3ad-f92b88a74ec2,INV-2026-0033,8ec156a7-a3ff-4990-b879-eec6a4ae68af,Pinegate Motors,2b4af138-634b-4dcb-a48c-cb904e1d7129,Meena Sundari,2026-07-05,4377.0,0.0,787.86,5164.86,paid
c75f0eb3-380a-46e0-95d1-e5dfba843e7a,INV-2026-0084,d20ec49d-495c-4bb3-b4ad-4b1ecec79e2c,Vanguard Solutions,a05ba0ff-1b5d-4416-849b-280057cff94b,Rahul Sundaram,2026-07-05,3333.0,0.0,599.94,3932.94,overdue
0e31f160-1ba7-43c0-bf7c-ae3f48a2f15e,INV-2026-0092,5301d2c8-28ff-42ac-a17d-c1e27c7479b3,Solstice Realty,c40e9972-19b5-427b-9d04-6e34a99f4f79,Karthik Iyer,2026-07-05,2196.0,219.6,355.75,2332.15,paid
3f7e7434-f9c7-42ce-b3a8-616cbc4f7124,INV-2026-0006,756afd9d-b02b-4dde-a3ff-94f108c1e742,Palisade Networks,fc8db393-ee14-45e2-95bf-7a4dddf7b24d,Kangesh Balakrishnan,2026-07-06,4972.0,497.2,805.46,5280.26,paid
28eaba54-2724-45e9-80b8-ed62a17aa89f,INV-2026-0029,756afd9d-b02b-4dde-a3ff-94f108c1e742,Palisade Networks,a05ba0ff-1b5d-4416-849b-280057cff94b,Rahul Sundaram,2026-07-06,535.0,0.0,96.3,631.3,paid
43479a71-9f6f-4d9a-a85a-497749650a0a,INV-2026-0150,94b8a14b-842c-423f-b556-682b2021efe0,Skyward Manufacturing,a05ba0ff-1b5d-4416-849b-280057cff94b,Rahul Sundaram,2026-07-06,3983.0,199.15,681.09,4464.94,paid
244fc235-e710-4073-947c-3f9430e45deb,INV-2026-0122,c0dfe5ba-bea1-461d-919b-9f7945b8a708,Palisade Motors,2b4af138-634b-4dcb-a48c-cb904e1d7129,Meena Sundari,2026-07-07,4483.0,448.3,726.25,4760.95,pending
5f2ab5f3-819c-41d5-82d3-a0a9b3b46afa,INV-2026-0147,c0dfe5ba-bea1-461d-919b-9f7945b8a708,Palisade Motors,6d5eed64-a6f4-4c53-ac4f-d909be63886f,Divya Lakshmi,2026-07-08,6487.0,0.0,1167.66,7654.66,pending
74dd9ea9-1c63-4ae0-b3a5-aedde38effe7,INV-2026-0007,f46e1a84-42c5-4393-ad6c-f997fb99ce2a,Crownstone Retail Group,a05ba0ff-1b5d-4416-849b-280057cff94b,Rahul Sundaram,2026-07-10,6847.0,0.0,1232.46,8079.46,paid
00de194c-c3de-40fd-90c1-0032ef6d6562,INV-2026-0020,4bf95d57-a29d-4710-accc-bde0997a980b,Cobalt Ventures,99604f39-d16d-4ee5-b18b-96a589ce40a0,Priya Dharshini,2026-07-10,550.0,55.0,89.1,584.1,paid
5df41c88-1ac4-433f-b692-92fad683d0d4,INV-2026-0045,1ad51eeb-9a25-49fe-bcef-d1e5859901bd,Solstice Consulting,6d5eed64-a6f4-4c53-ac4f-d909be63886f,Divya Lakshmi,2026-07-10,12918.0,0.0,2325.24,15243.24,paid
ddea6a5d-e4f0-42a7-906a-5ee93a551483,INV-2026-0095,be381003-ff09-4714-8979-9ec1f27f792b,Pinegate Retail Group,99604f39-d16d-4ee5-b18b-96a589ce40a0,Priya Dharshini,2026-07-10,2745.0,0.0,494.1,3239.1,overdue
91f10c59-ceaa-45c9-b094-ef81de49f985,INV-2026-0098,756afd9d-b02b-4dde-a3ff-94f108c1e742,Palisade Networks,6d5eed64-a6f4-4c53-ac4f-d909be63886f,Divya Lakshmi,2026-07-10,1047.0,0.0,188.46,1235.46,paid
